"","ndb_no","water_g","energ_kcal","protein_g","lipid_tot_g","ash_g","carbohydrt_g","fiber_td_g","sugar_tot_g","calcium_mg","iron_mg","magnesium_mg","phosphorus_mg","potassium_mg","sodium_mg","zinc_mg","copper_mg","manganese_mg","selenium_µg","vit_c_mg","thiamin_mg","riboflavin_mg","niacin_mg","panto_acid_mg","vit_b6_mg","folate_tot_µg","folic_acid_µg","food_folate_µg","folate_dfe_µg","choline_tot_mg","vit_b12_µg","vit_a_iu","vit_a_rae","retinol_µg","alpha_carot_µg","beta_carot_µg","beta_crypt_µg","lycopene_µg","lut_zea_µg","vit_e_mg","vit_d_µg","vit_d_iu","vit_k_µg","fa_sat_g","fa_mono_g","fa_poly_g","cholestrl_mg"
"1",2001,8.46,263,6.09,8.69,4.65,72.12,21.6,0,661,7.06,135,113,1044,77,1.01,0.553,2.943,2.7,39.2,0.101,0.063,2.86,0,0.21,36,0,36,36,0,0,540,27,0,0,0,0,0,0,0,0,0,0,2.55,0.66,2.36,0
"2",2002,9.54,337,17.6,15.9,6.95,50.02,14.6,0,646,36.96,170,440,1441,16,5.3,0.91,2.3,5,21,0.34,0.29,3.06,0.797,0.65,10,0,10,10,0,0,311,16,0,0,0,0,0,0,0,0,0,0,0.586,9.78,3.15,0
"3",2003,10.35,233,22.98,4.07,14.85,47.75,37.7,1.71,2240,89.8,711,274,2630,76,7.1,2.1,9.8,3,0.8,0.08,1.2,4.9,0.838,1.34,310,0,310,310,54.9,0,744,37,0,113,378,24,393,1150,10.7,0,0,1714.5,2.157,1.238,0.498,0
"4",2004,5.44,313,7.61,8.36,3.62,74.97,26.3,0,834,43,120,113,529,23,3.7,0.416,8.167,2.8,46.5,0.009,0.421,2.005,0,1.74,180,0,180,180,0,0,6185,309,0,0,0,0,0,0,0,0,0,0,2.28,1.64,2.29,0
"5",2005,9.87,333,19.77,14.59,5.87,49.9,38,0.64,689,16.23,258,568,1351,17,5.5,0.91,1.3,12.1,21,0.383,0.379,3.606,0,0.36,10,0,10,10,24.7,0,363,18,0,8,206,16,20,454,2.5,0,0,0,0.62,7.125,3.272,0
"6",2006,8.28,311,10.76,6.7,5.78,68.47,28,0,383,13.97,229,178,1119,18,7.47,0.383,28,0,21,0.198,0.182,1.102,0,0.23,0,0,0,0,0,0,0,0,0,0,0,0,0,0,0,0,0,0,0.68,0.87,0.43,0
"7",2007,6.04,392,18.07,25.27,9.27,41.35,11.8,0.67,1767,44.9,440,547,1400,160,6.93,1.37,7.567,12.1,17.1,0.34,0.29,3.06,0,0.89,10,0,10,10,24.7,0,52,3,0,0,31,0,0,0,1.07,0,0,0,2.19,15.93,3.72,0
"8",2008,7.2,237,23.2,3.9,16.6,49.1,11.3,0,1346,31.95,130,450,4740,83,8.8,0.44,2.1,29.3,50,0.38,0.68,5.4,0,0.93,274,0,274,274,0,0,5850,293,0,0,0,0,0,0,0,0,0,0,0.169,1.399,1.8,0
"9",2009,10.75,282,13.46,14.28,11.81,49.7,34.8,7.19,330,17.3,149,300,1950,2867,4.3,1,1.7,20.4,0.7,0.25,0.94,11.6,0.888,2.094,28,0,28,28,66.5,0,29650,1483,0,2090,15000,3490,21,310,38.14,0,0,105.7,2.462,3.211,8.006,0
"10",2010,10.58,247,3.99,1.24,3.6,80.59,53.1,2.17,1002,8.32,60,64,431,10,1.83,0.339,17.466,3.1,3.8,0.022,0.041,1.332,0.358,0.158,6,0,6,6,11,0,295,15,0,1,112,129,15,222,2.32,0,0,31.2,0.345,0.246,0.068,0
"11",2011,9.87,274,5.97,13,5.63,65.53,33.9,2.38,632,11.83,259,104,1020,277,2.32,0.368,60.127,7.2,0.2,0.158,0.22,1.56,0.509,0.391,25,0,25,25,37.4,0,160,8,0,0,45,103,0,0,8.82,0,0,141.8,3.952,1.393,3.606,0
"12",2012,7.3,279,21.93,4.78,14.08,52.1,10.4,7.27,1246,42.46,694,481,4466,211,4.72,1.786,6.355,29.3,566.7,1.252,1.5,10.707,0,0.61,274,0,274,274,97.1,0,5850,293,0,31,3407,175,0,2428,1.03,0,0,1359.5,0.115,2.232,0.328,0
"13",2013,8.86,298,12.37,17.77,6.02,54.99,41.9,0,709,16.32,330,409,1267,35,4.7,0.975,1.9,26.2,21,0.239,0.29,2.13,0,0,0,0,0,0,0,0,0,0,0,0,0,0,0,0,0,0,0,0,0.99,13.58,1.75,0
"14",2014,8.06,375,17.81,22.27,7.62,44.24,10.5,2.25,931,66.36,366,499,1788,168,4.8,0.867,3.333,5.2,7.7,0.628,0.327,4.579,0,0.435,10,0,10,10,24.7,0,1270,64,0,0,762,0,0,448,3.33,0,0,5.4,1.535,14.04,3.279,0
"15",2015,8.8,325,14.29,14.01,7.07,55.83,53.2,2.76,525,19.1,255,367,1170,52,4.7,1.2,8.3,40.3,0.7,0.176,0.2,3.26,1.07,0.105,56,0,56,56,64.2,0,19,1,0,0,11,0,0,0,25.24,0,0,99.8,1.648,8.782,3.056,0
"16",2016,7.7,305,15.98,14.54,6.62,55.17,21.1,0,1516,16.33,256,277,1186,20,5.2,0.78,1.833,12.1,21,0.418,0.284,2.807,0,0.25,10,0,10,10,0,0,53,3,0,0,0,0,0,0,0,0,0,0,0.73,9.41,1.01,0
"17",2017,7.3,253,19.96,4.36,12.56,55.82,13.6,0,1784,48.78,451,543,3308,208,3.3,0.49,3.95,0,50,0.418,0.284,2.807,0,1.71,0,0,0,0,0,0,5850,293,0,0,0,0,0,0,0,0,0,0,0.234,0,0,0
"18",2018,8.81,345,15.8,14.87,8.22,52.29,39.8,0,1196,18.54,385,487,1694,88,3.7,1.067,6.533,0,21,0.408,0.353,6.05,0,0.47,0,0,0,0,0,0,135,7,0,0,0,0,0,0,0,0,0,0,0.48,9.91,1.69,0
"19",2019,8.84,323,23,6.41,3.4,58.35,24.6,0,176,33.53,191,296,770,67,2.5,1.11,1.228,6.3,3,0.322,0.366,1.64,0,0.6,57,0,57,57,0,0,60,3,0,0,0,0,0,0,0,0,0,0,1.46,0,0,0
"20",2020,6.45,331,16.55,0.73,3.54,72.73,9,2.43,79,5.65,77,414,1193,60,2.99,0.533,0.979,23.9,1.2,0.435,0.141,0.796,0.743,1.654,47,0,47,47,67.5,0,0,0,0,0,0,0,0,0,0.67,0,0,0.4,0.249,0.115,0.178,0
"21",2021,9.94,335,8.98,4.24,5.22,71.62,14.1,3.39,114,19.8,214,168,1320,27,3.64,0.48,33.3,55.8,0.7,0.046,0.17,9.62,0.477,0.626,13,0,13,13,41.2,0,30,2,0,0,18,0,0,0,0,0,0,0.8,2.599,0.479,0.929,0
"22",2022,8.17,475,6.71,32.38,2.23,50.5,20.2,0,252,13.9,163,110,463,80,2.3,2.467,1.5,2.7,21,0.312,0.448,1.35,0,0.16,76,0,76,76,0,0,800,40,0,0,0,0,0,0,0,0,0,0,9.51,11.17,4.39,0
"23",2023,7.64,271,12.66,7.04,12.1,60.56,40.3,4.09,1990,82.71,346,306,1522,77,3.6,1.133,5.433,4.5,51.4,0.289,0.316,4.12,0,1.19,274,0,274,274,43.6,0,8068,403,0,0,4806,70,0,1895,1.69,0,0,621.7,0.529,0.94,4.405,0
"24",2024,5.27,508,26.08,36.24,4.33,28.09,12.2,6.79,266,9.21,370,828,738,13,6.08,0.645,2.448,208.1,7.1,0.805,0.261,4.733,0.81,0.397,162,0,162,162,122.7,0,31,2,0,0,18,0,0,568,5.07,0,0,5.4,1.989,22.518,10.088,0
"25",2025,6.23,525,5.84,36.31,2.34,49.29,20.8,2.99,184,3.04,183,213,350,16,2.15,1.027,2.9,1.6,3,0.346,0.057,1.299,0,0.16,76,0,76,76,8.8,0,102,5,0,0,28,66,0,0,0,0,0,0,25.94,3.22,0.35,0
"26",2026,5.39,341,10.41,1.04,4.04,79.12,15.2,6.63,384,3.9,113,322,985,73,4.05,0.59,1.3,14.3,23.4,0.457,0.08,0.321,0.732,0.718,64,0,64,64,39,0,0,0,0,0,0,0,0,0,0.27,0,0,4.1,0.219,0.202,0.31,0
"27",2027,9.93,265,9,4.28,7.87,68.92,42.5,4.09,1597,36.8,270,148,1260,25,2.69,0.633,4.99,4.5,2.3,0.177,0.528,4.64,0.921,1.044,237,0,237,237,32.3,0,1701,85,0,20,1007,7,0,1895,18.26,0,0,621.7,1.551,0.716,1.369,0
"28",2028,11.24,282,14.14,12.89,7.74,53.99,34.9,10.34,229,21.14,178,314,2280,68,4.33,0.713,1.59,6.3,0.9,0.33,1.23,10.06,2.51,2.141,49,0,49,49,51.5,0,49254,2463,0,595,26162,6186,0,18944,29.1,0,0,80.3,2.14,1.695,7.766,0
"29",2029,5.89,292,26.63,5.48,11.36,50.64,26.7,7.27,1140,22.04,400,436,2683,452,5.44,0.78,9.81,14.1,125,0.196,2.383,9.943,1.062,0.9,180,0,180,180,97.1,0,1939,97,0,17,1152,4,0,2428,8.96,0,0,1359.5,1.378,0.761,3.124,0
"30",2030,12.46,251,10.39,3.26,4.49,63.95,25.3,0.64,443,9.71,171,158,1329,20,1.19,1.33,12.753,4.9,0,0.108,0.18,1.143,1.399,0.291,17,0,17,17,11.3,0,547,27,0,12,310,25,20,454,1.04,0,0,163.7,1.392,0.739,0.998,0
"31",2031,8.05,318,12.01,17.27,6.04,56.63,27.2,10.34,148,7.8,152,293,2014,30,2.48,0.373,2,8.8,76.4,0.328,0.919,8.701,0,2.45,106,0,106,106,51.5,0,41610,2081,0,0,21840,6252,0,13157,29.83,0,0,80.3,3.26,2.75,8.37,0
"32",2032,11.42,296,10.4,2.12,1.59,68.61,26.2,0,265,14.31,90,176,73,5,1.13,0.91,4.3,3.1,21,0.022,0.126,0.212,0,0.1,10,0,10,10,0,0,0,0,0,0,0,0,0,0,0,0,0,0,0.626,0.789,0.616,0
"33",2033,5.95,525,17.99,41.56,6.37,28.13,19.5,2.99,1438,9.76,347,870,719,26,7.9,1.627,6.707,13.5,1,0.854,0.1,0.896,0.324,0.247,82,0,82,82,8.8,0,0,0,0,0,0,0,0,0,1.77,0,0,0,4.517,5.982,28.569,0
"34",2034,9.31,307,9.59,7.53,5.92,65.59,11.3,1.8,996,35.3,224,171,684,27,3.14,0.843,6.857,7.2,12,0.264,0.191,2.97,0,1.32,138,0,138,138,30.3,0,2632,132,0,0,1568,23,7,1107,1.32,0,0,805.4,3.29,1.206,1.936,0
"35",2035,8.46,342,5.76,12.6,3.9,69.28,14.8,7.76,682,19.71,136,118,663,52,2.37,0.484,15.844,9.3,23.4,0.131,0.137,2.243,0,0.4,24,0,24,24,20.8,0,261,13,0,1,99,114,7,100,1.93,0,0,28.4,6.53,1.102,0.78,0
"36",2036,9.31,331,4.88,15.22,6.53,64.06,42.6,0,1280,29.25,220,70,955,50,3.23,0.55,1.867,4.6,61.2,0.514,0.428,1,0,1.74,307,0,307,307,0,0,3128,156,0,0,0,0,0,0,0,0,0,0,7.371,3.014,2.339,0
"37",2037,11.9,310,11.43,5.85,5.45,65.37,3.9,0,111,11.1,264,252,1724,148,1.09,0.328,28.408,5.6,80.8,0.115,0.267,1.46,0,1.01,93,0,93,93,0,0,530,27,0,0,0,0,0,0,0,0,0,0,1.586,0.429,2.067,0
"38",2038,7.96,315,10.63,12.75,7.95,60.73,40.3,1.71,1652,28.12,428,91,1070,11,4.7,0.757,3.133,3.7,32.4,0.754,0.336,5.72,0,2.69,274,0,274,274,43.6,0,5900,295,0,0,3485,109,0,1895,7.48,0,0,1714.5,7.03,1.87,1.76,0
"39",2039,9,272,6.73,5.91,9.63,68.73,45.7,0,2132,37.88,377,140,1051,24,4.3,0.847,6.1,4.6,50,0.366,0,4.08,0,1.81,0,0,0,0,0,0,5130,257,0,0,0,0,0,0,0,0,0,0,3.26,0,0,0
"40",2041,7.74,295,22.77,7.24,12.03,50.22,7.4,0,1139,32.3,347,313,3020,62,3.9,0.677,7.967,4.4,50,0.251,1.339,8.95,0,2.41,274,0,274,274,0,0,4200,210,0,0,0,0,0,0,0,0,0,0,1.881,0.474,3.698,0
"41",2042,7.79,276,9.11,7.43,11.74,63.94,37,1.71,1890,123.6,220,201,814,55,6.18,0.86,7.867,4.6,50,0.513,0.399,4.94,0,0.55,274,0,274,274,43.6,0,3800,190,0,0,2264,33,0,1895,7.48,0,0,1714.5,2.73,0.47,1.19,0
"42",2043,12.85,312,9.68,3.25,7.08,67.14,22.7,3.21,168,55,208,299,2080,27,4.5,1.3,19.8,6.2,0.7,0.058,0.15,1.35,0.542,0.107,20,0,20,20,49.2,0,0,0,0,0,0,0,0,0,4.43,0,0,13.4,1.838,0.449,0.756,0
"43",2044,92.06,23,3.15,0.64,1.49,2.65,1.6,0.3,177,3.17,64,56,295,4,0.81,0.385,1.148,0.3,18,0.034,0.076,0.902,0.209,0.155,68,0,68,68,11.4,0,5275,264,0,0,3142,46,0,5650,0.8,0,0,414.8,0.041,0.088,0.389,0
"44",2045,85.95,43,3.46,1.12,2.45,7.02,2.1,0,208,6.59,55,66,738,61,0.91,0.146,1.264,0,85,0.058,0.296,1.57,0.397,0.185,150,0,150,150,0,0,7718,386,0,0,0,0,0,0,0,0,0,0,0.06,0.802,0.095,0
"45",2046,83.72,60,3.74,3.34,3.37,5.83,4,0.92,63,1.61,48,108,152,1104,0.64,0.074,0.422,33.5,0.3,0.177,0.07,0.565,0.254,0.07,7,0,7,7,22.4,0,109,5,0,1,51,27,0,113,0.36,0,0,1.4,0.214,2.182,0.774,0
"46",2047,0.2,0,0,0,99.8,0,0,0,24,0.33,1,0,8,38758,0.1,0.03,0.1,0.1,0,0,0,0,0,0,0,0,0,0,0,0,0,0,0,0,0,0,0,0,0,0,0,0,0,0,0,0
"47",2048,93.81,21,0,0,0.17,0.93,0,0.4,7,0.2,5,8,73,5,0.04,0.008,0.249,0.1,0,0,0,0,0,0,0,0,0,0,0,0,0,0,0,0,0,0,0,0,0,0,0,0,0,0,0,0
"48",2049,65.11,101,5.56,1.68,3.2,24.45,14,0,405,17.45,160,106,609,9,1.81,0.555,1.719,0,160.1,0.048,0.471,1.824,0.409,0.348,45,0,45,45,0,0,4751,238,0,0,2851,0,0,0,0,0,0,0,0.467,0.081,0.532,0
"49",2050,52.58,288,0.06,0.06,0.26,12.65,0,12.65,11,0.12,12,6,148,9,0.11,0.072,0.23,0,0,0.011,0.095,0.425,0.035,0.026,0,0,0,0,0,0,0,0,0,0,0,0,0,0,0,0,0,0,0.01,0.01,0.004,0
"50",2051,64.46,237,0.05,0,0.22,2.41,0,0,0,0.13,5,22,98,4,0.06,0.023,0.482,0,0,0.008,0.071,0.318,0.026,0.019,0,0,0,0,0,0,0,0,0,0,0,0,0,0,0,0,0,0,0,0,0,0
"51",2052,85.58,56,0.03,0,0.01,14.4,0,14.4,3,0.05,1,0,0,3,0.01,0.003,0.001,0,0,0.003,0.029,0.129,0.011,0.008,0,0,0,0,0,0,0,0,0,0,0,0,0,0,0,0,0,0,0,0,0,0
"52",2053,94.78,18,0,0,0.02,0.04,0,0.04,6,0.03,1,4,2,2,0.01,0.006,0.055,0.5,0,0,0,0,0,0,0,0,0,0,0,0,0,0,0,0,0,0,0,0,0,0,0,0,0,0,0,0
"53",2054,83.85,23,2.36,0.86,8.04,4.89,3.2,0.41,40,1.67,33,10,40,2348,0.32,0.374,0.078,1.2,4.3,0.018,0.139,0.652,0.027,0.023,23,0,23,23,6.5,0,138,7,0,0,83,0,0,0,0.88,0,0,24.6,0.233,0.063,0.304,0
"54",2055,85.08,48,1.18,0.69,1.76,11.29,3.3,7.99,56,0.42,27,31,246,420,0.83,0.058,0.126,2.8,24.9,0.008,0.024,0.386,0.093,0.073,57,0,57,57,6.5,0,2,0,0,0,1,0,0,10,0.01,0,0,1.3,0.09,0.13,0.339,0
"55",2063,67.77,131,3.31,5.86,2.35,20.7,14.1,0,317,6.65,91,66,668,26,0.93,0.301,0.96,0,21.8,0.036,0.152,0.912,0.804,0.336,109,0,109,109,0,0,2924,146,0,0,0,0,0,0,0,0,0,0,2.838,1.16,0.901,0
"56",2064,78.65,70,3.75,0.94,1.76,14.89,8,0,243,5.08,80,73,569,31,1.11,0.329,1.176,0,31.8,0.082,0.266,1.706,0.338,0.129,114,0,114,114,0,0,4248,212,0,0,0,0,0,0,0,0,0,0,0.246,0.033,0.508,0
"57",2065,85.55,44,3.29,0.73,2.03,8.41,6.8,0,199,11.87,63,60,458,30,1.09,0.24,1.118,0,13.3,0.078,0.175,0.948,0.25,0.158,105,0,105,105,0,0,4054,203,0,0,0,0,0,0,0,0,0,0,0.191,0.025,0.394,0
"58",2066,11.3,285,19.93,6.03,10.7,52.04,29.8,0,1488,87.47,602,276,1924,344,2.41,1.542,11.482,0,0,0.288,1.421,6.561,1.399,2.579,530,0,530,530,0,0,10579,529,0,0,0,0,0,0,0,0,0,0,1.577,0.21,3.257,0
"59",2068,94.47,19,0.04,0,0.17,0.27,0,0,6,0.45,4,8,39,8,0.03,0.01,0.046,0,0.5,0,0,0,0,0,0,0,0,0,0,0,0,0,0,0,0,0,0,0,0,0,0,0,0,0,0,0
"60",2069,76.45,88,0.49,0,0.37,17.03,0,14.95,27,0.72,12,19,112,23,0.08,0.026,0.131,0,0,0,0,0,0,0,0,0,0,0,0,0,0,0,0,0,0,0,0,0,0,0,0,0,0,0,0,0
"61",2073,5.7,188,0,0,38.01,56.29,18.8,18.76,0,6.75,0,0,0,8068,0,0,0,0,45,0,0,0,0,0,0,0,0,0,0,0,9381,0,0,0,0,0,0,0,0,0,0,0,0,0,0,0
"62",2074,0.2,0,0,0,99.8,0,0,0,0,0,0,0,0,17000,0,0,0,0,0,0,0,0,0,0,0,0,0,0,0,0,0,0,0,0,0,0,0,0,0,0,0,0,0,0,0,0
"63",2075,5.7,322,4.5,0,31.8,58,13.3,10.83,0,7.2,0,0,1000,7203,0,0,0,0,0,0,0,0,0,0,0,0,0,0,0,0,3744,0,0,0,0,0,0,0,0,0,0,0,0,0,0,0
"64",2076,10.75,335,10.82,7.3,14.56,56.56,10.8,8.67,0,3.9,0,0,0,4616,0,0,0,0,5.9,0,0,0,0,0,0,0,0,0,0,0,2816,0,0,0,0,0,0,0,0,0,0,0,0,0,5.556,0
"65",11001,92.82,23,3.99,0.69,0.4,2.1,1.9,0.2,32,0.96,27,70,79,6,0.92,0.157,0.188,0.6,8.2,0.076,0.126,0.481,0.563,0.034,36,0,36,36,14.4,0,155,8,0,6,87,6,0,0,0.02,0,0,30.5,0.069,0.056,0.409,0
"66",11003,91.69,23,2.46,0.33,1.5,4.02,0,0,215,2.32,55,50,611,20,0.9,0.162,0.885,0.9,43.3,0.027,0.158,0.658,0.064,0.192,85,0,85,85,0,0,2917,146,0,0,0,0,0,0,0,0,0,1140,0.091,0.076,0.147,0
"67",11005,72.48,99,5.33,0.29,1.67,20.23,0,0,10,2.57,51,174,922,22,0.28,0.171,0.36,0.7,1.1,0.17,0.073,1.65,0.599,0.26,14,0,14,14,0,0,0,0,0,0,0,0,0,0,0,0,0,0,0,0,0,0
"68",11007,84.94,47,3.27,0.15,1.13,10.51,5.4,0.99,44,1.28,60,90,370,94,0.49,0.231,0.256,0.2,11.7,0.072,0.066,1.046,0.338,0.116,68,0,68,68,34.4,0,13,1,0,0,8,0,0,464,0.19,0,0,14.8,0.036,0.005,0.064,0
"69",11011,93.22,20,2.2,0.12,0.58,3.88,2.1,1.88,24,2.14,14,52,202,2,0.54,0.189,0.158,2.3,5.6,0.143,0.141,0.978,0.274,0.091,52,0,52,52,16,0,756,38,0,9,449,0,0,710,1.13,0,0,41.6,0.04,0,0.05,0
"70",11022,89.25,30,5.3,0.69,1.47,3.29,0,0,84,2.04,85,99,608,11,0.3,0.201,0.536,0.9,88,0.181,0.362,1.11,0.063,0.803,128,0,128,128,0,0,1734,87,0,0,0,0,0,0,0,0,0,0,0,0,0,0
"71",11024,94.03,17,1,0.17,1.1,3.7,2.8,0,19,0.43,17,31,296,5,0.8,0.034,0.089,0.2,84,0.04,0.04,0.4,0.212,0.043,72,0,72,72,0,0,471,24,0,185,190,0,0,170,0,0,0,0,0,0,0,0
"72",11026,91,27,2.6,0.3,0.9,5.2,2.2,3,13,0.5,3,59,533,4,1.1,0.19,0.262,0.8,4,0.15,0.07,0.6,0.161,0.24,7,0,7,7,0,0,20,1,0,0,12,0,0,0,1,0,0,0,0.069,0.007,0.134,0
"73",11029,90.7,29,4.2,0.5,0.5,4.1,0,0,17,0.81,21,37,187,6,0.4,0.159,0.182,0.6,38.7,0.37,0.25,2.92,0.368,0.085,59,0,59,59,0,0,2,0,0,0,0,0,0,0,0,0,0,0,0.072,0.039,0.276,0
"74",11031,70.24,113,6.84,0.86,1.89,20.17,4.9,1.48,34,3.14,58,136,467,8,0.78,0.318,1.215,1.8,23.4,0.217,0.103,1.474,0.247,0.204,34,0,34,34,40,0,209,10,0,0,126,0,0,0,0.32,0,0,5.6,0.198,0.05,0.419,0
"75",11043,90.4,30,3.04,0.18,0.44,5.94,1.8,4.13,13,0.91,21,54,149,6,0.41,0.164,0.188,0.6,13.2,0.084,0.124,0.749,0.38,0.088,61,0,61,61,14.4,0,21,1,0,6,6,6,0,0,0.1,0,0,33,0.046,0.022,0.058,0
"76",11046,79.15,67,6.15,0.7,0.95,13.05,0,0,15,1.93,101,100,307,13,0.89,0.356,0.408,0.6,18.8,0.39,0.215,1.22,0.825,0.191,132,0,132,132,0,0,4,0,0,0,0,0,0,0,0,0,0,0,0.085,0.052,0.407,0
"77",11052,90.32,31,1.83,0.22,0.66,6.97,2.7,3.26,37,1.03,25,38,211,6,0.24,0.069,0.216,0.6,12.2,0.082,0.104,0.734,0.225,0.141,33,0,33,33,15.3,0,690,35,0,69,379,0,0,640,0.41,0,0,43,0.05,0.01,0.113,0
"78",11080,87.58,43,1.61,0.17,1.08,9.56,2.8,6.76,16,0.8,23,40,325,78,0.35,0.075,0.329,0.7,4.9,0.031,0.04,0.334,0.155,0.067,109,0,109,109,6,0,33,2,0,0,20,0,0,0,0.04,0,0,0.2,0.027,0.032,0.06,0
"79",11086,91.02,22,2.2,0.13,2.33,4.33,3.7,0.5,117,2.57,70,41,762,226,0.38,0.191,0.391,0.9,30,0.1,0.22,0.4,0.25,0.106,15,0,15,15,0.4,0,6326,316,0,3,3794,0,0,1503,1.5,0,0,400,0.02,0.026,0.046,0
"80",11088,81,72,5.6,0.6,1.1,11.7,4.2,0,22,1.9,38,95,250,50,0.58,0.074,0.32,1.2,33,0.17,0.11,1.5,0.086,0.038,96,0,96,96,0,0,350,18,0,0,0,0,0,0,0,0,0,0,0.138,0.017,0.31,0
"81",11090,89.3,34,2.82,0.37,0.87,6.64,2.6,1.7,47,0.73,21,66,316,33,0.41,0.049,0.21,2.5,89.2,0.071,0.117,0.639,0.573,0.175,63,0,63,63,18.7,0,623,31,0,25,361,1,0,1403,0.78,0,0,101.6,0.039,0.011,0.038,0
"82",11096,92.55,22,3.17,0.49,0.93,2.85,2.7,0.38,108,2.14,22,73,196,33,0.77,0.042,0.395,1,20.2,0.162,0.129,1.221,0.322,0.171,83,0,83,83,18.3,0,2622,131,0,0,1573,0,0,1121,1.62,0,0,224,0.05,0.026,0.13,0
"83",11098,86,43,3.38,0.3,1.37,8.95,3.8,2.2,42,1.4,23,69,389,25,0.42,0.07,0.337,1.6,85,0.139,0.09,0.745,0.309,0.219,61,0,61,61,19.1,0,754,38,0,6,450,0,0,1590,0.88,0,0,177,0.062,0.023,0.153,0
"84",11104,80.09,72,1.53,0.15,0.89,17.34,3.3,2.9,41,0.8,38,51,308,5,0.33,0.077,0.232,0.7,3,0.01,0.03,0.3,0.321,0.24,23,0,23,23,11.7,0,0,0,0,0,0,0,0,0,0.38,0,0,1.6,0.025,0.037,0.059,0
"85",11106,94.5,14,0.39,0.04,1.46,3.61,0,0,103,0.1,14,12,655,7,0.16,0.103,0.274,0.9,31.5,0.02,0.02,0.2,0.032,0.096,10,0,10,10,0,0,50,3,0,0,0,0,0,0,0,0,0,0,0,0,0,0
"86",11109,92.18,25,1.28,0.1,0.64,5.8,2.5,3.2,40,0.47,12,26,170,18,0.18,0.019,0.16,0.3,36.6,0.061,0.04,0.234,0.212,0.124,43,0,43,43,10.7,0,98,5,0,33,42,0,0,30,0.15,0,0,76,0.034,0.017,0.017,0
"87",11112,90.39,31,1.43,0.16,0.64,7.37,2.1,3.83,45,0.8,16,30,243,27,0.22,0.017,0.243,0.6,57,0.064,0.069,0.418,0.147,0.209,18,0,18,18,17.1,0,1116,56,0,0,670,0,20,329,0.11,0,0,38.2,0.021,0.012,0.08,0
"88",11114,91,27,2,0.1,0.8,6.1,3.1,2.27,35,0.4,28,42,230,28,0.27,0.062,0.18,0.9,31,0.07,0.03,0.3,0.187,0.19,80,0,80,80,12.3,0,1000,50,0,0,600,0,0,77,0.17,0,0,68.8,0.013,0.007,0.049,0
"89",11116,95.32,13,1.5,0.2,0.8,2.18,1,1.18,105,0.8,19,37,252,65,0.19,0.021,0.159,0.5,45,0.04,0.07,0.5,0.088,0.194,66,0,66,66,6.4,0,4468,223,0,1,2681,0,0,40,0.09,0,0,45.5,0.027,0.015,0.096,0
"90",11119,94.39,16,1.2,0.2,0.98,3.23,1.2,1.41,77,0.31,13,29,238,9,0.23,0.036,0.19,0.6,27,0.04,0.05,0.4,0.105,0.232,79,0,79,79,7.6,0,318,16,0,1,190,0,0,48,0.12,0,0,42.9,0.043,0.023,0.072,0
"91",11122,94,17,0.7,0.1,1.13,4.07,1.6,0,70,0.7,42,23,400,170,0.17,0.231,0.256,0.2,2,0.02,0.03,0.3,0.338,0.116,68,0,68,68,0,0,0,0,0,0,0,0,0,0,0,0,0,0,0.011,0.018,0.041,0
"92",11124,88.29,41,0.93,0.24,0.97,9.58,2.8,4.74,33,0.3,12,35,320,69,0.24,0.045,0.143,0.1,5.9,0.066,0.058,0.983,0.273,0.138,19,0,19,19,8.8,0,16706,835,0,3477,8285,0,1,256,0.66,0,0,13.2,0.037,0.014,0.117,0
"93",11134,59.68,160,1.36,0.28,0.62,38.06,1.8,1.7,16,0.27,21,27,271,14,0.34,0.1,0.384,0.7,20.6,0.087,0.048,0.854,0.107,0.088,27,0,27,27,23.7,0,13,1,0,0,8,0,0,0,0.19,0,0,1.9,0.074,0.075,0.048,0
"94",11135,92.07,25,1.92,0.28,0.76,4.97,2,1.91,22,0.42,15,44,299,30,0.27,0.039,0.155,0.6,48.2,0.05,0.06,0.507,0.667,0.184,57,0,57,57,44.3,0,0,0,0,0,0,0,0,1,0.08,0,0,15.5,0.13,0.034,0.031,0
"95",11141,88,42,1.5,0.3,1,9.2,1.8,1.6,43,0.7,20,115,300,100,0.33,0.07,0.158,0.7,8,0.05,0.06,0.7,0.352,0.165,8,0,8,8,9,0,0,0,0,0,0,0,0,1,0.36,0,0,41,0.079,0.058,0.148,0
"96",11143,95.43,16,0.69,0.17,0.75,2.97,1.6,1.34,40,0.2,11,24,260,80,0.13,0.035,0.103,0.4,3.1,0.021,0.057,0.32,0.246,0.074,36,0,36,36,6.1,0,449,22,0,0,270,0,0,283,0.27,0,0,29.3,0.042,0.032,0.079,0
"97",11145,94.5,18,0.85,0.3,0.7,3.65,1.7,0,39,0.55,28,39,330,11,0.27,0.04,0.688,0.9,19.5,0.055,0.07,0.55,0.183,0.05,46,0,46,46,0,0,3500,175,0,0,0,0,0,0,0,0,0,0,0,0,0,0
"98",11147,92.66,19,1.8,0.2,1.6,3.74,1.6,1.1,51,1.8,81,46,379,213,0.36,0.179,0.366,0.9,30,0.04,0.09,0.4,0.172,0.099,14,0,14,14,18,0,6116,306,0,45,3647,0,0,11000,1.89,0,0,830,0.03,0.04,0.07,0
"99",11149,94.24,19,0.82,0.13,0.3,4.51,1.7,1.66,17,0.34,12,18,125,2,0.74,0.123,0.189,0.2,7.7,0.025,0.029,0.47,0.249,0.076,93,0,93,93,9.2,0,0,0,0,0,0,0,0,0,0.12,0,0,4.1,0.028,0.01,0.057,0
"100",11151,94.52,17,0.9,0.1,0.47,4,3.1,0,19,0.24,10,26,211,2,0.16,0.051,0.1,0.2,2.8,0.062,0.027,0.16,0.145,0.042,37,0,37,37,0,0,29,1,0,0,0,0,0,0,0,0,0,0,0.024,0.002,0.044,0
"101",11152,92,23,1.7,0.3,1.3,4.7,4,0.7,100,0.9,30,47,420,45,0.42,0.295,0.429,0.3,24,0.06,0.1,0.5,1.159,0.105,110,0,110,110,12.8,0,5717,286,0,0,3430,0,0,10300,2.26,0,0,297.6,0.073,0.006,0.131,0
"102",11154,80,72,1.4,0.2,0.89,17.51,1.5,8.73,41,0.8,22,61,290,50,0.33,0.077,0.233,0.7,5,0.04,0.03,0.4,0.323,0.241,23,0,23,23,0,0,6,0,0,0,0,0,0,0,0,0,0,0,0.048,0.004,0.087,0
"103",11156,90.65,30,3.27,0.73,1,4.35,2.5,1.85,92,1.6,42,58,296,3,0.56,0.157,0.373,0.9,58.1,0.078,0.115,0.647,0.324,0.138,105,0,105,105,5.2,0,4353,218,0,0,2612,0,0,323,0.21,0,0,212.7,0.146,0.095,0.267,0
"104",11157,91.4,24,3.36,0.56,1.67,3.02,3,0,117,2.29,32,54,567,118,0.71,0.137,0.943,0,1.4,0.13,0.144,0.531,0.221,0.176,177,0,177,177,0,0,2320,116,0,0,1380,24,0,3834,0,0,0,350,0,0,0,0
"105",11161,89.62,32,3.02,0.61,1.32,5.42,4,0.46,232,0.47,27,25,213,17,0.21,0.046,0.658,1.3,35.3,0.054,0.13,0.742,0.267,0.165,129,0,129,129,23.2,0,5019,251,0,14,2991,28,0,4323,2.26,0,0,437.1,0.055,0.03,0.201,0
"106",11165,92.21,23,2.13,0.52,1.47,3.67,2.8,0.87,67,1.77,26,48,521,46,0.5,0.225,0.426,0.9,27,0.067,0.162,1.114,0.57,0.149,62,0,62,62,12.8,0,6748,337,0,36,3930,202,0,865,2.5,0,0,310,0.014,0.275,0.04,0
"107",11167,76.05,86,3.27,1.35,0.62,18.7,2,6.26,2,0.52,37,89,270,15,0.46,0.054,0.163,0.6,6.8,0.155,0.055,1.77,0.717,0.093,42,0,42,42,23,0,187,9,0,16,47,115,0,644,0.07,0,0,0.3,0.325,0.432,0.487,0
"108",11190,92.8,21,2,0.4,1.2,3.6,0,0,38,2.18,13,53,459,4,0.59,0.134,0.359,0.9,38.2,0.071,0.087,0.415,0.042,0.273,14,0,14,14,0,0,7092,355,0,0,0,0,0,0,0,0,0,0,0,0,0,0
"109",11191,77.2,90,2.95,0.35,0.67,18.83,5,3,126,1.1,51,53,431,4,1.01,0.13,0.56,2.3,2.5,0.11,0.145,1.45,0.151,0.067,168,0,168,168,0,0,817,41,0,0,0,0,0,0,0,0,0,0,0.09,0.032,0.15,0
"110",11197,86,44,3.3,0.3,0.9,9.5,3.3,5.04,65,1,58,65,215,4,0.34,0.1,0.308,0.9,33,0.15,0.14,1.2,0.945,0.173,53,0,53,53,22,0,1369,68,0,55,794,0,0,932,0.49,0,0,31.5,0.079,0.027,0.127,0
"111",11199,87.85,47,2.8,0.4,0.6,8.35,0,0,50,0.47,44,59,240,4,0.37,0.048,0.205,1.5,18.8,0.107,0.11,0.41,0.055,0.024,62,0,62,62,0,0,865,43,0,0,0,0,0,0,0,0,0,0,0.105,0.036,0.169,0
"112",11201,89.78,29,4.1,0.25,1.05,4.82,0,0,63,1.92,43,9,455,7,0.29,0.191,0.509,0.9,36,0.354,0.175,1.12,0.06,0.177,101,0,101,101,0,0,712,36,0,0,0,0,0,0,0,0,0,0,0.066,0.022,0.106,0
"113",11203,89.4,32,2.6,0.7,1.8,5.5,1.1,4.4,81,1.3,38,76,606,14,0.23,0.17,0.553,0.9,69,0.08,0.26,1,0.242,0.247,80,0,80,80,19.5,0,6917,346,0,0,4150,0,0,12500,0.7,0,0,541.9,0.023,0.239,0.228,0
"114",11205,95.23,15,0.65,0.11,0.38,3.63,0.5,1.67,16,0.28,13,24,147,2,0.2,0.041,0.079,0.3,2.8,0.027,0.033,0.098,0.259,0.04,7,0,7,7,6,0,105,5,0,11,45,26,0,23,0.03,0,0,16.4,0.037,0.005,0.032,0
"115",11206,96.73,12,0.59,0.16,0.36,2.16,0.7,1.38,14,0.22,12,21,136,2,0.17,0.071,0.073,0.1,3.2,0.031,0.025,0.037,0.24,0.051,14,0,14,14,5.7,0,72,4,0,8,31,18,0,16,0.03,0,0,7.2,0.013,0.002,0.003,0
"116",11207,85.6,45,2.7,0.7,1.8,9.2,3.5,0.71,187,3.1,36,66,397,76,0.41,0.171,0.342,0.5,35,0.19,0.26,0.806,0.084,0.251,27,0,27,27,35.3,0,10161,508,0,363,5854,121,0,13610,3.44,0,0,778.4,0.17,0.014,0.306,0
"117",11209,92.3,25,0.98,0.18,0.66,5.88,3,3.53,9,0.23,14,24,229,2,0.16,0.081,0.232,0.3,2.2,0.039,0.037,0.649,0.281,0.084,22,0,22,22,6.9,0,23,1,0,0,14,0,0,36,0.3,0,0,3.5,0.034,0.016,0.076,0
"118",11213,93.79,17,1.25,0.2,1.41,3.35,3.1,0.25,52,0.83,15,28,314,22,0.79,0.099,0.42,0.2,6.5,0.08,0.075,0.4,0.9,0.02,142,0,142,142,16.8,0,2167,108,0,0,1300,0,0,0,0.44,0,0,231,0.048,0.004,0.087,0
"119",11215,58.58,149,6.36,0.5,1.5,33.06,2.1,1,181,1.7,25,153,401,17,1.16,0.299,1.672,14.2,31.2,0.2,0.11,0.7,0.596,1.235,3,0,3,3,23.2,0,9,0,0,0,5,0,0,16,0.08,0,0,1.7,0.089,0.011,0.249,0
"120",11216,78.89,80,1.82,0.75,0.77,17.77,2,1.7,16,0.6,43,34,415,13,0.34,0.226,0.229,0.7,5,0.025,0.034,0.75,0.203,0.16,11,0,11,11,28.8,0,0,0,0,0,0,0,0,0,0.26,0,0,0.1,0.203,0.154,0.154,0
"121",11218,95.54,14,0.62,0.02,0.43,3.39,0.5,0,26,0.2,11,13,150,2,0.7,0.026,0.066,0.2,10.1,0.029,0.022,0.32,0.152,0.04,6,0,6,6,0,0,16,0,0,0,0,0,0,0,0,0,0,0,0.002,0.004,0.009,0
"122",11220,93.85,20,1.2,0.2,0.4,4.35,1.1,2.02,20,0.36,14,32,139,3,0.07,0.035,0.092,0.2,12,0.05,0.06,0.4,0.218,0.043,7,0,7,7,0,0,410,0,0,0,0,0,0,0,0.1,0,0,0.7,0.016,0.037,0.087,0
"123",11222,78.66,64,9.4,1.4,2.26,8.28,2,0,185,4,42,112,337,9,0.6,0.105,1.063,0.9,51.7,0.257,0.66,2.22,0.125,1.2,40,0,40,40,0,0,7564,378,0,0,0,0,0,0,0,0,0,0,0,0,0,0
"124",11224,87.87,46,2.1,0.2,0.64,9.19,3.3,4.08,50,0.74,40,49,252,2,0.37,0.047,0.205,1.5,12.9,0.077,0.092,0.52,0.055,0.024,62,0,62,62,19.1,0,864,43,0,87,475,0,0,802,0.51,0,0,18.1,0.088,0.095,0.008,0
"125",11226,78.01,73,2,0.01,2.54,17.44,1.6,9.6,14,3.4,17,78,429,4,0.12,0.14,0.06,0.7,4,0.2,0.06,1.3,0.397,0.077,13,0,13,13,30,0,20,1,0,0,12,0,0,0,0.19,0,0,0.1,0,0.004,0.001,0
"126",11228,92.59,25,0.48,0.04,0.15,6.75,0,0,16,0.56,25,14,43,9,0.66,0.445,0.101,11.1,0.6,0.081,0.204,0.07,1.99,0.088,19,0,19,19,0,0,0,0,0,0,0,0,0,0,0,0,0,0,0,0,0,0
"127",11231,87.72,34,4.65,0.25,1.58,5.8,0,0,208,4.76,64,83,559,8,0.79,0.255,0.123,0.9,37,0.133,0.546,1.26,0.072,0.6,123,0,123,123,0,0,5559,278,0,0,0,0,0,0,0,0,0,0,0.038,0.017,0.12,0
"128",11233,84.04,49,4.28,0.93,2.01,8.75,3.6,2.26,150,1.47,47,92,491,38,0.56,1.499,0.659,0.9,120,0.11,0.13,1,0.091,0.271,141,0,141,141,0.8,0,9990,500,0,54,5927,81,0,8198,1.54,0,0,704.8,0.091,0.052,0.338,0
"129",11238,89.74,34,2.24,0.49,0.73,6.79,2.5,2.38,2,0.41,20,112,304,9,1.03,0.142,0.23,5.7,0,0.015,0.217,3.877,1.5,0.293,13,0,13,13,0,0,0,0,0,0,0,0,0,0,0,0.4,18,0,0,0,0,0
"130",11239,89.85,38,1.49,0.53,1.26,6.86,3.8,1.16,15,3.47,13,57,506,9,0.71,0.353,0.286,2.2,0,0.015,0.215,4.085,1.075,0.044,2,0,2,2,0,0,0,0,0,0,0,0,0,0,0,5.3,212,0,0,0,0,0
"131",11240,89.61,31,3.12,0.57,1.58,5.1,2.8,0.6,43,12.18,19,194,411,21,2.03,0.625,0.587,2.2,0,0.069,0.205,2.252,0.44,0.136,9,0,9,9,0,0,0,0,0,0,0,0,0,0,0,5.1,206,0,0.065,0.052,0.433,0
"132",11241,91,27,1.7,0.1,1,6.2,3.6,2.6,24,0.4,19,46,350,20,0.03,0.129,0.139,0.7,62,0.05,0.02,0.4,0.165,0.15,16,0,16,16,12.3,0,36,2,0,0,22,0,0,0,0.48,0,0,0.1,0.013,0.007,0.048,0
"133",11244,84.3,43,4.2,0.8,3.4,7.3,4,0,309,1.2,34,72,452,43,0.44,0.293,0.782,0.9,80,0.16,0.44,1.2,0.092,0.274,30,0,30,30,0,0,11600,580,0,0,0,0,0,0,0,0,0,0,0.059,0.15,0.351,0
"134",11246,83,61,1.5,0.3,1.05,14.15,1.8,3.9,59,2.1,28,35,180,20,0.12,0.12,0.481,1,12,0.06,0.03,0.4,0.14,0.233,64,0,64,64,9.5,0,1667,83,0,0,1000,0,0,1900,0.92,0,0,47,0.04,0.004,0.166,0
"135",11248,67.34,106,8.96,0.55,1,22.14,0,0,25,3.21,37,173,322,11,1.51,0.352,0.506,0.6,16.5,0.228,0.128,1.128,0.578,0.19,100,0,100,100,0,0,45,2,0,0,0,0,0,0,0,0,0,0,0.057,0.104,0.219,0
"136",11250,95.63,13,1.35,0.22,0.57,2.23,1.1,0.94,35,1.24,13,33,238,5,0.2,0.016,0.179,0.6,3.7,0.057,0.062,0.357,0.15,0.082,73,0,73,73,8.4,0,3312,166,0,0,1987,0,0,1223,0.18,0,0,102.3,0.029,0.008,0.117,0
"137",11251,94.61,17,1.23,0.3,0.58,3.29,2.1,1.19,33,0.97,14,30,247,8,0.23,0.048,0.155,0.4,4,0.072,0.067,0.313,0.142,0.074,136,0,136,136,9.9,0,8710,436,0,0,5226,0,0,2312,0.13,0,0,102.5,0.039,0.012,0.16,0
"138",11252,95.64,14,0.9,0.14,0.36,2.97,1.2,1.97,18,0.41,7,20,141,10,0.15,0.025,0.125,0.1,2.8,0.041,0.025,0.123,0.091,0.042,29,0,29,29,6.7,0,502,25,0,4,299,0,0,277,0.18,0,0,24.1,0.018,0.006,0.074,0
"139",11253,94.98,15,1.36,0.15,0.62,2.87,1.3,0.78,36,0.86,13,29,194,28,0.18,0.029,0.25,0.6,9.2,0.07,0.08,0.375,0.134,0.09,38,0,38,38,13.6,0,7405,370,0,0,4443,0,0,1730,0.22,0,0,126.3,0.02,0.006,0.082,0
"140",11254,79.1,74,2.6,0.1,0.97,17.23,4.9,0,45,1.16,23,100,556,40,0.39,0.257,0.261,0.7,44,0.16,0.22,0.4,0.377,0.258,13,0,13,13,0,0,0,0,0,0,0,0,0,0,0,0,0,0,0.03,0.02,0.02,0
"141",11257,95.64,16,1.33,0.22,0.55,2.26,0.9,0.48,33,1.2,12,28,187,25,0.2,0.028,0.203,1.5,3.7,0.064,0.077,0.321,0.144,0.1,36,0,36,36,11.8,0,7492,375,0,0,4495,0,0,1724,0.15,0,0,140.3,0.017,0.005,0.072,0
"142",11258,81.44,67,1.34,0.1,0.82,16.3,2.5,0.31,26,0.44,12,34,418,13,0.27,0.11,0.242,0.7,2.6,0.102,0.019,0.481,0.433,0.179,14,0,14,14,0,0,0,0,0,0,0,0,0,0,0.21,0,0,1.4,0.022,0.004,0.045,0
"143",11260,92.45,22,3.09,0.34,0.85,3.26,1,1.98,3,0.5,9,86,318,5,0.52,0.318,0.047,9.3,2.1,0.081,0.402,3.607,1.497,0.104,17,0,17,17,17.3,0.04,0,0,0,0,0,0,0,0,0.01,0.2,7,0,0.05,0,0.16,0
"144",11265,92.82,22,2.11,0.35,0.85,3.87,1.3,2.5,3,0.31,0,108,364,9,0.53,0.286,0.069,18.6,0,0.059,0.13,4.494,1.14,0.148,28,0,28,28,21.2,0.05,0,0,0,0,0,0,0,0,0.02,0.3,10,0,0.06,0.02,0.117,0
"145",11266,92.12,22,2.5,0.1,0.98,4.3,0.6,1.72,18,0.4,9,120,448,6,1.1,0.5,0.142,26,0,0.095,0.49,3.8,1.5,0.11,25,0,25,25,22.1,0.1,0,0,0,0,0,0,0,0,0.01,0.1,3,0,0.014,0.002,0.042,0
"146",11270,90.7,27,2.86,0.42,1.36,4.67,3.2,1.32,115,1.64,32,58,384,20,0.25,0.165,0,0.9,70,0.08,0.11,0.8,0.21,0.18,12,0,12,12,0.5,0,3024,151,0,10,1790,40,0,3730,2.01,0,0,257.5,0.01,0.092,0.038,0
"147",11274,92.2,22,2.2,0.3,1.4,3.9,2.8,0,210,1.5,11,28,449,21,0.17,0.075,0.407,0.8,130,0.068,0.093,0.678,0.178,0.153,159,0,159,159,0,0,9900,495,0,0,0,0,0,0,0,0,0,0,0.015,0.138,0.057,0
"148",11276,94,14,1.5,0.2,1.8,2.5,1.5,0.29,58,0.8,39,28,130,130,0.38,0.093,0.639,0.7,30,0.04,0.13,0.5,0.312,0.304,15,0,15,15,0,0,4400,0,0,0,0,0,0,0,1.42,0,0,337,0.032,0.005,0.084,0
"149",11278,89.58,33,1.93,0.19,0.86,7.45,3.2,1.48,82,0.62,57,61,299,7,0.58,0.109,0.788,0.7,23,0.2,0.06,1,0.245,0.215,60,0,60,60,12.3,0,716,36,0,27,416,0,0,280,0.27,0,0,31.3,0.026,0.017,0.027,0
"150",11282,89.11,40,1.1,0.1,0.35,9.34,1.7,4.24,23,0.21,10,29,146,4,0.17,0.039,0.129,0.5,7.4,0.046,0.027,0.116,0.123,0.12,19,0,19,19,6.1,0,2,0,0,0,1,0,0,4,0.02,0,0,0.4,0.042,0.013,0.017,0
"151",11291,89.83,32,1.83,0.19,0.81,7.34,2.6,2.33,72,1.48,20,37,276,16,0.39,0.083,0.16,0.6,18.8,0.055,0.08,0.525,0.075,0.061,64,0,64,64,5.7,0,997,50,0,0,598,0,0,1137,0.55,0,0,207,0.032,0.027,0.074,0
"152",11293,90.5,34,1.9,0.4,0.7,6.5,2.4,2.18,18,1.22,23,49,212,17,0.52,0.07,0.137,0.6,27,0.05,0.09,0.4,0.169,0.072,16,0,16,16,5.3,0,1160,0,0,0,0,0,0,0,0.51,0,0,193.4,0.067,0.056,0.156,0
"153",11294,91.24,32,0.8,0.08,0.34,7.55,0.9,5.02,20,0.26,9,27,119,8,0.13,0.056,0.076,0.5,4.8,0.041,0.02,0.133,0.098,0.13,23,0,23,0,5.5,0,1,0,0,0,1,0,0,6,0.02,0,0,0.3,0,0,0,0
"154",11298,79.53,75,1.2,0.3,0.98,17.99,4.9,4.8,36,0.59,29,71,375,10,0.59,0.12,0.56,1.8,17,0.09,0.05,0.7,0.6,0.09,67,0,67,67,0,0,0,0,0,0,0,0,0,0,1.49,0,0,22.5,0.05,0.112,0.047,0
"155",11300,88.89,42,2.8,0.2,0.56,7.55,2.6,4,43,2.08,24,53,200,4,0.27,0.079,0.244,0.7,60,0.15,0.08,0.6,0.75,0.16,42,0,42,42,17.4,0,1087,54,0,44,630,0,0,740,0.39,0,0,25,0.039,0.021,0.089,0
"156",11304,78.86,81,5.42,0.4,0.87,14.45,5.7,5.67,25,1.47,33,108,244,5,1.24,0.176,0.41,1.8,40,0.266,0.132,2.09,0.104,0.169,65,0,65,65,28.4,0,765,38,0,21,449,0,0,2477,0.13,0,0,24.8,0.071,0.035,0.187,0
"157",11316,62.27,124,8.8,0.68,1.14,27.11,0,0,36,2.26,56,165,381,20,1.05,0.272,0.438,0.6,10.4,0.225,0.155,3.088,1.029,0.265,144,0,144,144,0,0,166,0,0,0,0,0,0,0,0,0,0,0,0.124,0.061,0.326,0
"158",11333,93.89,20,0.86,0.17,0.43,4.64,1.7,2.4,10,0.34,10,20,175,3,0.13,0.066,0.122,0,80.4,0.057,0.028,0.48,0.099,0.224,10,0,10,10,5.5,0,370,18,0,21,208,7,0,341,0.37,0,0,7.4,0.058,0.008,0.062,0
"159",11344,65.88,136,7.2,1.64,1.4,23.88,5.1,3,42,1.6,68,127,552,5,1.04,0.134,0.574,1.5,39,0.4,0.17,2.2,0.68,0.068,173,0,173,173,45.8,0,67,3,0,0,40,0,0,190,0.39,0,0,24,0.354,0.013,0.873,0
"160",11350,91.6,23,2.6,0.4,1.7,3.7,1.7,0,53,1.7,18,44,242,23,0.24,0.157,0.418,0.9,136,0.08,0.33,1.2,0.049,0.146,16,0,16,16,0,0,8700,435,0,0,0,0,0,0,0,0,0,0,0,0,0,0
"161",11352,79.25,77,2.05,0.09,1.11,17.49,2.1,0.82,12,0.81,23,57,425,6,0.3,0.11,0.153,0.4,19.7,0.081,0.032,1.061,0.295,0.298,15,0,15,15,12.1,0,2,0,0,0,1,0,0,9,0.01,0,0,2,0.025,0.002,0.042,0
"162",11353,78.58,79,2.14,0.08,1.13,18.07,1.3,0.62,13,0.86,23,55,417,5,0.29,0.103,0.157,0.4,5.7,0.082,0.033,1.035,0.301,0.345,14,0,14,14,12.6,0,1,0,0,0,0,0,0,5,0.01,0,0,1.8,0.026,0.002,0.043,0
"163",11354,81.58,69,1.68,0.1,0.94,15.71,2.4,1.15,9,0.52,21,62,407,16,0.29,0.116,0.145,0.3,9.1,0.071,0.034,1.066,0.281,0.203,18,0,18,18,11,0,8,0,0,0,5,0,0,13,0.01,0,0,1.6,0.026,0.002,0.043,0
"164",11355,80.96,70,1.89,0.14,1.1,15.9,1.7,1.29,10,0.73,22,61,455,18,0.33,0.134,0.141,0.5,8.6,0.081,0.031,1.149,0.279,0.17,18,0,18,18,16.4,0,7,0,0,0,4,0,0,21,0.01,0,0,2.9,0.035,0.003,0.059,0
"165",11416,95.15,15,1.03,0.07,0.48,3.28,0,0,39,0.7,24,49,173,5,0,0,0,0.7,28,0.042,0.075,0.69,0,0,59,0,59,59,0,0,1947,97,0,0,0,0,0,0,0,0,0,0,0.036,0.009,0.004,0
"166",11418,92.88,19,3.15,0.4,1.24,2.33,0,0,39,2.22,38,104,436,11,0.2,0.133,0.355,0.9,11,0.094,0.128,0.92,0.042,0.207,36,0,36,36,0,0,1942,97,0,0,0,0,0,0,0,0,0,0,0.207,0.052,0.022,0
"167",11422,91.6,26,1,0.1,0.8,6.5,0.5,2.76,21,0.8,12,44,340,1,0.32,0.127,0.125,0.3,9,0.05,0.11,0.6,0.298,0.061,16,0,16,16,8.2,0,8513,426,0,4016,3100,0,0,1500,1.06,0,0,1.1,0.052,0.013,0.005,0
"168",11427,92.86,20,2.03,0.36,1.36,3.39,0,0,65,1.99,68,44,494,45,0.17,0.113,0.303,0.9,21,0.047,0.112,0.48,0.036,0.073,12,0,12,12,12.8,0,1320,0,0,0,0,0,0,0,0,0,0,0,0,0,0,0
"169",11429,95.27,16,0.68,0.1,0.55,3.4,1.6,1.86,25,0.34,10,20,233,39,0.28,0.05,0.069,0.6,14.8,0.012,0.039,0.254,0.165,0.071,25,0,25,25,6.5,0,7,0,0,0,4,0,0,10,0,0,0,1.3,0.032,0.017,0.048,0
"170",11430,94.62,18,0.6,0.1,0.58,4.1,1.6,2.5,27,0.4,16,23,227,21,0.15,0.115,0.038,0.7,22,0.02,0.02,0.2,0.138,0.046,28,0,28,28,7.3,0,0,0,0,0,0,0,0,0,0,0,0,0.3,0.03,0.017,0.045,0
"171",11435,89.43,37,1.08,0.16,0.71,8.62,2.3,4.46,43,0.44,20,53,305,12,0.24,0.032,0.131,0.7,25,0.09,0.04,0.7,0.16,0.1,21,0,21,21,14.1,0,2,0,0,0,1,1,14,19,0.3,0,0,0.3,0.027,0.025,0.088,0
"172",11437,77,82,3.3,0.2,0.9,18.6,3.3,0,60,0.7,23,75,380,20,0.38,0.089,0.268,0.8,8,0.08,0.22,0.5,0.371,0.277,26,0,26,26,0,0,0,0,0,0,0,0,0,0,0,0,0,0,0,0,0,0
"173",11442,91.32,26,0.54,0.03,1.36,6.75,0.5,0.28,54,1.86,67,5,226,9,0.58,0.061,0.373,0.7,0,0.005,0.022,0.055,0.302,0.032,85,0,85,85,6,0,0,0,0,0,0,0,0,0,0.87,0,0,2.3,0.006,0.003,0.01,0
"174",11444,81.34,49,1.51,0.16,4.7,12.29,1.3,0.61,72,8.9,144,157,63,67,1.95,0.149,0.37,0.7,3,0.015,0.466,0.593,0.176,0.069,182,0,182,182,12.9,0,118,6,0,0,71,0,0,0,0.87,0,0,5,0.033,0.015,0.055,0
"175",11445,81.58,43,1.68,0.56,6.61,9.57,1.3,0.6,168,2.85,121,42,89,233,1.23,0.13,0.2,0.7,3,0.05,0.15,0.47,0.642,0.002,180,0,180,180,12.8,0,116,6,0,0,70,0,0,0,0.87,0,0,66,0.247,0.098,0.047,0
"176",11446,85.03,35,5.81,0.28,3.77,5.11,0.3,0.49,70,1.8,2,58,356,48,1.05,0.264,0.988,0.7,39,0.098,0.446,1.47,0.521,0.159,146,0,146,146,10.4,0,5202,260,0,0,3121,0,0,0,1,0,0,4,0.061,0.025,0.11,0
"177",11447,91.58,27,1.28,0.04,0.38,6.73,0,0,19,0.84,12,30,184,15,0,0,0,0.9,73,0.083,0.081,0.43,0,0,102,0,102,102,0,0,0,0,0,0,0,0,0,0,0,0,0,0,0,0,0,0
"178",11450,67.5,147,12.95,6.8,1.7,11.05,4.2,0,197,3.55,65,194,620,15,0.99,0.128,0.547,1.5,29,0.435,0.175,1.65,0.147,0.065,165,0,165,165,0,0,180,9,0,0,0,0,0,0,0,0,0,0,0.786,1.284,3.2,0
"179",11452,69.05,122,13.09,6.7,1.59,9.57,1.1,0,67,2.1,72,164,484,14,1.17,0.427,0.702,0.6,15.3,0.34,0.118,1.148,0.929,0.176,172,0,172,172,0,0,11,1,0,0,0,0,0,0,0,0,0,0,0.929,1.518,3.783,0
"180",11457,91.4,23,2.86,0.39,1.72,3.63,2.2,0.42,99,2.71,79,49,558,79,0.53,0.13,0.897,1,28.1,0.078,0.189,0.724,0.065,0.195,194,0,194,194,19.3,0,9377,469,0,0,5626,0,0,12198,2.03,0,0,482.9,0.063,0.01,0.165,0
"181",11467,94.28,19,1.01,0.27,0.56,3.88,1,2.88,21,0.44,20,32,222,2,0.29,0.092,0.172,0.2,19.3,0.051,0.041,0.448,0.16,0.104,19,0,19,19,7.1,0,150,8,0,0,90,0,0,290,0.13,0,0,3.2,0.093,0.013,0.082,0
"182",11475,94.18,18,1.2,0.2,0.58,3.84,1.2,2.39,19,0.4,23,36,182,1,0.29,0.102,0.157,0.2,18,0.07,0.03,0.6,0.102,0.109,30,0,30,30,7.3,0,217,11,0,0,130,0,0,2308,0.13,0,0,3.3,0.041,0.015,0.084,0
"183",11477,94.79,17,1.21,0.32,0.58,3.11,1,2.5,16,0.37,18,38,261,8,0.32,0.053,0.177,0.2,17.9,0.045,0.094,0.451,0.204,0.163,24,0,24,24,9.5,0,200,10,0,0,120,0,0,2125,0.12,0,0,4.3,0.084,0.011,0.091,0
"184",11482,87.78,40,0.8,0.1,0.9,10.42,1.5,0,33,0.7,32,36,347,3,0.13,0.065,0.167,0.5,11,0.14,0.01,0.7,0.4,0.154,17,0,17,17,0,0,367,18,0,0,220,0,0,38,0,0,0,0,0.021,0.007,0.042,0
"185",11485,86.41,45,1,0.1,0.8,11.69,2,2.2,48,0.7,34,33,352,4,0.15,0.072,0.202,0.5,21,0.1,0.02,1.2,0.4,0.154,27,0,27,27,0,0,10630,532,0,834,4226,3471,0,0,1.44,0,0,1.1,0.021,0.007,0.042,0
"186",11489,88,40,2,0.5,0.8,8.7,3.9,3.95,14,0.4,19,21,320,7,0.13,0.064,0.179,0.5,11,0.07,0.04,0.5,0.4,0.154,16,0,16,16,11.8,0,1367,68,0,0,820,0,0,0,0.16,0,0,1.3,0.103,0.037,0.21,0
"187",11492,91.6,31,0.64,0.57,0.28,6.91,1.5,2.76,23,0.31,12,12,108,17,0.19,0.037,0.125,0.3,2.1,0.037,0.018,0.95,0.36,0.101,12,0,12,12,8.2,0,120,6,0,16,64,0,0,0,0.13,0,0,0.9,0.117,0.042,0.239,0
"188",11495,73.1,99,5.03,1.02,1.26,19.59,3.8,0,18,1.83,48,113,369,4,0.61,0.186,0.688,0.6,15.1,0.208,0.082,1.587,0.128,0.13,40,0,40,40,0,0,292,15,0,0,0,0,0,0,0,0,0,0,0.19,0.198,0.489,0
"189",11503,92.47,19,2.6,0.2,1.6,3.14,2.1,0,77,1.67,71,39,312,113,0.18,0.023,0.16,0.9,55,0.03,0.1,0.9,0.141,0.096,57,0,57,57,0,0,6300,315,0,0,0,0,0,0,0,0,0,0,0,0,0,0
"190",11505,86.81,42,2.49,0.51,1.36,8.82,5.3,0,78,0.97,70,81,508,6,0,0,0,0.9,11,0.156,0.345,1.13,0.225,0.19,0,0,1,1,0,0,3778,189,0,42,2217,58,0,14720,0,0,0,302.2,0.111,0.02,0.228,0
"191",11518,70.64,112,1.5,0.2,1.2,26.46,4.1,0.4,43,0.55,33,84,591,11,0.23,0.172,0.383,0.7,4.5,0.095,0.025,0.6,0.303,0.283,22,0,22,22,17.3,0,76,4,0,0,35,20,0,0,2.38,0,0,1,0.041,0.016,0.083,0
"192",11520,85.66,42,4.98,0.74,1.92,6.7,3.7,3.01,107,2.25,45,60,648,3,0.41,0.27,0.714,0.9,52,0.209,0.456,1.513,0.084,0.146,126,0,126,126,12.8,0,4825,241,0,0,2895,0,0,1932,2.02,0,0,108.6,0.151,0.06,0.307,0
"193",11522,95.82,11,0.92,0.09,0.85,2.32,0,0,12,0.6,8,28,332,1,0.51,0.088,0.122,0.9,21,0.04,0.05,0.8,0.075,0.111,3,0,3,3,0,0,50,3,0,0,0,0,0,0,0,0,0,0,0.018,0.007,0.037,0
"194",11525,87.96,44,2.79,0.97,1.38,6.91,0,0,129,1.3,47,45,606,50,0.09,0.071,0.157,0.7,96,0.062,0.244,0.995,0.124,0.116,9,0,9,9,0,0,2045,102,0,0,0,0,0,0,0,0,0,0,0.197,0.078,0.4,0
"195",11527,93,23,1.2,0.2,0.5,5.1,1.1,4,13,0.51,10,28,204,13,0.07,0.09,0.1,0.4,23.4,0.06,0.04,0.5,0.5,0.081,9,0,9,9,8.6,0,642,32,0,78,346,0,0,0,0.38,0,0,10.1,0.028,0.03,0.081,0
"196",11564,91.87,28,0.9,0.1,0.7,6.43,1.8,3.8,30,0.3,11,27,191,67,0.27,0.085,0.134,0.7,21,0.04,0.03,0.4,0.2,0.09,15,0,15,15,11.1,0,0,0,0,0,0,0,0,0,0.03,0,0,0.1,0.011,0.006,0.053,0
"197",11568,89.67,32,1.5,0.3,1.4,7.13,3.2,0.81,190,1.1,31,42,296,40,0.19,0.35,0.466,1.2,60,0.07,0.1,0.6,0.38,0.263,194,0,194,194,0,0,11587,579,0,0,6952,0,0,12825,2.86,0,0,251,0.07,0.02,0.12,0
"198",11587,93.1,19,1.8,0.3,1.4,3.4,0,0,109,1.2,65,52,510,24,0.43,0.107,0.735,0.8,102,0.05,0.155,0.5,0.053,0.24,140,0,140,140,0,0,8000,400,0,0,0,0,0,0,0,0,0,0,0,0,0,0
"199",11588,73.46,97,1.4,0.1,1.1,23.94,3,4.8,11,0.06,22,63,584,14,0.5,0.326,0.331,0.7,4,0.14,0.2,1,0.479,0.328,16,0,16,16,36.2,0,0,0,0,0,0,0,0,0,1.2,0,0,0.3,0.026,0.002,0.043,0
"200",11591,95.11,11,2.3,0.1,1.2,1.29,0.5,0.2,120,0.2,21,60,330,41,0.11,0.077,0.244,0.9,43,0.09,0.12,0.2,0.31,0.129,9,0,9,9,9,0,3191,160,0,0,1914,0,0,5767,1,0,0,250,0.027,0.008,0.035,0
"201",11593,96.1,13,0.4,0.2,0.3,3,2.9,0,19,0.4,10,19,6,111,0.61,0.023,0.058,0.2,13,0.04,0.11,0.4,0.133,0.035,5,0,5,5,0,0,0,0,0,0,0,0,0,0,0,0,0,0,0.016,0.037,0.087,0
"202",11595,87.04,49,6.95,0.87,0.83,4.31,0,0,84,1.5,34,37,223,4,0.39,0.051,0.218,1.5,18.3,0.14,0.1,0.9,0.059,0.113,66,0,66,66,0,0,128,0,0,0,0,0,0,0,0,0,0,0,0.238,0.25,0.186,0
"203",11597,76.85,74,5.85,1.1,2.1,14.1,0,0,224,4,8,63,176,9,1.28,0.456,1.367,0.9,45,0.833,0.602,3.472,0.136,0.232,16,0,16,16,0,0,8090,405,0,0,0,0,0,0,0,0,0,0,0.272,0.285,0.213,0
"204",11599,57.4,148,11.6,0.9,2,28.1,0,0,30,2,24,45,586,35,1.39,1.386,0.532,0.7,0,0.379,0.149,1.64,0.116,0.075,19,0,19,19,0,0,0,0,0,0,0,0,0,0,0,0,0,0,0.222,0.234,0.174,0
"205",11601,69.6,118,1.53,0.17,0.82,27.88,4.1,0.5,17,0.54,21,55,816,9,0.24,0.178,0.397,0.7,17.1,0.112,0.032,0.552,0.314,0.293,23,0,23,23,16.5,0,138,7,0,0,83,0,0,0,0.35,0,0,2.3,0.037,0.006,0.076,0
"206",11603,90.07,38,0.72,0.09,0.3,8.82,4.9,1.8,12,0.6,12,18,150,4,0.16,0.048,0.06,0.7,20.2,0.02,0.029,0.2,0.135,0.042,12,0,12,12,13.6,0,21,1,0,0,13,0,0,0,0.46,0,0,0.3,0.021,0.005,0.043,0
"207",11613,93,21,1.8,0.7,1.44,3.06,0,0,93,3.3,52,53,470,80,0.2,0.13,0.349,0.9,35,0.06,0.15,0.9,0.041,0.084,13,0,13,13,0,0,4200,210,0,0,0,0,0,0,0,0,0,0,0.17,0.211,0.109,0
"208",11616,93,22,2,0.7,1.1,3.2,2.9,0,44,2.4,103,63,390,4,0.2,0.131,0.349,0.9,48,0.04,0.1,0.5,0.041,0.122,13,0,13,13,0,0,4000,200,0,0,0,0,0,0,0,0,0,0,0,0,0,0
"209",11618,60,150,4.6,1.8,1.92,31.68,0,0,110,1.15,32,165,340,12,1.15,0.234,1.094,0.9,13,0.11,0.12,0.3,1.172,0.176,24,0,24,24,0,0,0,0,0,0,0,0,0,0,0,0,0,0,0,0,0,0
"210",11620,88.2,37,2.1,0.2,0.97,8.53,3.2,0,30,0.36,45,50,461,42,0.45,0.084,0.259,0.7,141,0.053,0.074,0.62,0.794,0.12,44,0,44,44,0,0,74,4,0,0,0,0,0,0,0,0,0,0,0.033,0.102,0.003,0
"211",11622,87,42,2.8,0.6,1.28,8.32,1.7,0,205,3,88,62,450,70,0.37,0.243,0.648,0.9,130,0.07,0.06,1.3,0.076,0.227,28,0,28,28,0,0,3100,155,0,0,0,0,0,0,0,0,0,0,0.078,0.045,0.289,0
"212",11637,95.37,14,1.1,0.1,0.8,2.63,1.4,0,27,0.8,9,28,280,16,0.13,0.099,0.033,0.7,29,0.03,0.02,0.3,0.184,0.075,14,0,14,14,0,0,0,0,0,0,0,0,0,0,0,0,0,0,0.03,0.016,0.045,0
"213",11641,94.64,16,1.21,0.18,0.62,3.35,1.1,2.2,15,0.35,17,38,262,2,0.29,0.051,0.175,0.2,17,0.048,0.142,0.487,0.155,0.218,29,0,29,29,6.7,0,200,10,0,0,120,0,0,2125,0.12,0,0,3,0.044,0.016,0.089,0
"214",11643,89.76,34,0.95,0.13,0.57,8.59,1.5,2.2,28,0.58,14,23,350,4,0.21,0.071,0.163,0.4,12.3,0.03,0.062,0.5,0.188,0.156,24,0,24,24,10,0,1367,68,0,0,820,0,0,38,0.12,0,0,1.1,0.027,0.01,0.056,0
"215",11653,81.3,62,5.25,0.9,0.95,11.6,0,0,43,1.97,53,94,307,153,0.5,0.32,0.366,0.6,21.7,0.23,0.175,2.28,0.74,0.171,118,0,118,118,0,0,2,0,0,0,0,0,0,0,0,0,0,0,0.109,0.067,0.523,0
"216",11666,90.67,26,5.92,0.39,0.6,2.42,0.4,0.3,12,2.79,19,11,127,98,0.2,0.597,0.186,0.7,0.9,0.222,0.342,1.196,0.325,0.034,9,0,9,9,6.5,0,56,3,0,0,33,0,0,0,0.49,0,0,2.5,0.135,0.034,0.106,0
"217",11669,79.99,45,3.03,0.64,7.2,9.14,0.5,0.65,150,2.18,107,80,50,872,0.38,0.284,1.4,0.7,3,0.06,0.23,1.6,0.697,0.002,196,0,196,196,13.9,0,360,18,0,0,216,0,0,0,1,0,0,5.3,0.13,0.058,0.218,0
"218",11670,87.74,40,2,0.2,0.6,9.46,1.5,5.1,18,1.2,25,46,340,7,0.3,0.174,0.237,0.5,242.5,0.09,0.09,0.95,0.061,0.278,23,0,23,23,11.1,0,1179,59,0,23,671,50,0,725,0.69,0,0,14.3,0.021,0.011,0.109,0
"219",11676,90.07,43,3.81,2.53,0.53,3.6,0,0,51,0.86,44,113,86,6,0.56,0.12,0.26,0.6,28.9,0.102,0.103,2.853,0.733,0.285,95,0,95,95,0,0,391,20,0,0,0,0,0,0,0,0,0,0,0.767,0.419,1.141,0
"220",11677,79.8,72,2.5,0.1,0.8,16.8,3.2,7.87,37,1.2,21,60,334,12,0.4,0.088,0.292,1.2,8,0.06,0.02,0.2,0.29,0.345,34,0,34,34,11.3,0,4,0,0,0,3,0,0,8,0.04,0,0,0.8,0.017,0.014,0.039,0
"221",11695,94.78,16,1.16,0.19,0.69,3.18,0.9,0,5,0.47,8,29,212,42,0.14,0.062,0.088,0.4,16,0.046,0.034,0.593,0.186,0.06,29,0,29,29,0,0,1496,75,0,0,0,0,0,0,0,0,0,0,0.025,0.028,0.076,0
"222",11696,95.28,15,0.98,0.26,0.5,2.98,0.7,0,11,0.49,12,36,258,23,0.28,0.101,0.12,0.4,9,0.041,0.047,1.179,0.11,0.056,30,0,30,30,0,0,0,0,0,0,0,0,0,0,0,0,0,0,0.036,0.04,0.108,0
"223",11697,80.75,65,4.24,0.2,1.42,13.39,1.3,0,6,2.22,25,98,454,26,0.63,0.121,0.174,0.7,1.9,0.143,0.059,1.693,0.292,0.266,338,0,338,338,0,0,19,1,0,0,11,0,0,0,0,0,0,0,0.039,0.004,0.092,0
"224",11698,91.4,24,3.36,0.56,1.67,3.01,3,0,117,2.3,32,54,567,118,0.71,0.137,0.943,0.3,1.4,0.13,0.144,0.531,0.221,0.176,177,0,177,177,0,0,1870,94,0,0,0,0,0,0,0,0,0,0,0,0,0,0
"225",11722,90.27,31,1.82,0.12,0.66,7.13,3.4,3.27,37,1.04,25,38,209,6,0.24,0.069,0.214,0.6,16.3,0.084,0.105,0.752,0.094,0.074,37,0,37,37,15.3,0,108,0,0,0,0,0,0,0,0.41,0,0,43.2,0.026,0.005,0.059,0
"226",11739,90.69,28,2.98,0.35,0.92,5.06,2.3,1.48,48,0.88,25,66,325,27,0.4,0.045,0.229,3,93.2,0.065,0.119,0.638,0.535,0.159,71,0,71,71,0,0,16000,0,0,0,0,0,0,0,0,0,0,0,0.054,0.024,0.167,0
"227",11740,90.69,28,2.98,0.35,0.92,5.06,2.3,1.48,48,0.88,25,66,325,27,0.4,0.045,0.229,3,93.2,0.065,0.119,0.638,0.535,0.159,71,0,71,71,0,0,3000,0,0,0,0,0,0,0,0,0,0,0,0.054,0.024,0.167,0
"228",11741,90.69,28,2.98,0.35,0.92,5.24,0,0,48,0.88,25,66,325,27,0.4,0.045,0.229,3,93.2,0.065,0.119,0.638,0.535,0.159,71,0,71,71,0,0,400,20,0,0,0,0,0,0,0,0,0,0,0.054,0.024,0.167,0
"229",11749,92.52,24,1.21,0.18,0.72,5.37,2.3,0,47,0.56,15,23,246,18,0.18,0.023,0.159,0.9,51,0.05,0.03,0.3,0.14,0.095,57,0,57,57,0,0,126,6,0,0,0,0,0,0,0,0,0,0,0.023,0.013,0.087,0
"230",11750,92.52,24,1.21,0.18,0.72,5.37,2.3,0,47,0.56,15,23,246,18,0.18,0.023,0.159,0.9,42,0.05,0.03,0.3,0.14,0.095,57,0,57,57,0,0,126,6,0,0,0,0,0,0,0,0,0,0,0.023,0.013,0.087,0
"231",11819,88.02,40,1.87,0.44,0.87,8.81,1.5,5.3,14,1.03,23,43,322,9,0.26,0.129,0.187,0.5,143.7,0.072,0.086,1.244,0.201,0.506,23,0,23,23,10.9,0,952,48,0,36,534,40,0,709,0.69,0,0,14,0.042,0.024,0.239,0
"232",11821,92.21,31,0.99,0.3,0.47,6.03,2.1,4.2,7,0.43,12,26,211,4,0.25,0.017,0.112,0.1,127.7,0.054,0.085,0.979,0.317,0.291,46,0,46,46,5.6,0,3131,157,0,20,1624,490,0,51,1.58,0,0,4.9,0.027,0.003,0.07,0
"233",11900,75.96,86,3.22,1.18,0.62,19.02,2.7,3.22,2,0.52,37,89,270,15,0.45,0.054,0.161,0.6,6.8,0.2,0.06,1.7,0.76,0.055,46,0,46,46,0,0,1,0,0,0,1,0,0,34,0.07,0,0,0.3,0.182,0.347,0.559,0
"234",11936,92.12,22,2.5,0.1,0.98,4.3,0.6,1.72,18,0.4,9,120,448,6,1.1,0.5,0.142,26,0,0.095,0.49,3.8,1.5,0.11,28,0,28,28,22.1,0.1,0,0,0,0,0,0,0,0,0.01,31.9,1276,0,0.014,0.002,0.042,0
"235",11938,92.45,22,3.09,0.34,0.85,3.26,1,1.98,3,0.5,9,86,318,5,0.52,0.318,0.047,9.3,2.1,0.081,0.402,3.607,1.497,0.104,17,0,17,17,17.3,0,0,0,0,0,0,0,0,0,0.01,26.2,1046,0,0.05,0,0.16,0
"236",11950,88.34,37,2.66,0.29,0.91,7.81,2.7,0.22,0,1.15,16,105,359,3,0.65,0.107,0.075,2.2,0,0.225,0.2,7.032,1.35,0.1,48,0,48,48,47.7,0,0,0,0,0,0,0,0,0,0.01,0.1,5,0,0.02,0,0.09,0
"237",11951,92.02,27,1,0.21,0.45,6.32,0.9,0,11,0.46,12,24,212,2,0.17,0.107,0.117,0.3,183.5,0.028,0.025,0.89,0.168,0.168,26,0,26,26,0,0,200,10,0,0,120,0,0,0,0,0,0,0,0.031,0,0,0
"238",11952,93.14,23,1.43,0.25,0.7,4.48,0.9,0.6,19,0.57,13,40,302,22,0.62,0.341,0.138,0.9,8,0.016,0.028,0.255,0.269,0.057,60,0,60,60,10.9,0,27,1,0,0,16,0,0,8832,2.26,0,0,255.2,0.06,0.01,0.11,0
"239",11953,92.73,21,2.71,0.4,1.05,3.11,1.1,0,21,0.79,33,93,459,3,0.83,0.097,0.196,0.3,34.1,0.042,0.036,0.705,0.367,0.142,20,0,20,20,0,0,490,25,0,0,0,0,0,0,0,0,0,0,0.083,0.031,0.169,0
"240",11954,91.63,32,0.96,1.02,0.55,5.84,1.9,3.93,7,0.62,20,39,268,1,0.22,0.079,0.153,0.5,11.7,0.044,0.035,1.85,0.15,0.056,7,0,7,7,7.6,0,114,6,0,10,63,0,0,467,0.38,0,0,10.1,0.139,0.155,0.417,0
"241",11957,90.21,31,1.24,0.2,1.05,7.3,3.1,3.93,49,0.73,17,50,414,52,0.2,0.066,0.191,0.7,12,0.01,0.032,0.64,0.232,0.047,27,0,27,27,13.2,0,963,48,0,0,578,0,0,607,0.58,0,0,62.8,0.09,0.068,0.169,0
"242",11959,91.71,25,2.58,0.66,1.4,3.65,1.6,2.05,160,1.46,47,52,369,27,0.47,0.076,0.321,0.3,15,0.044,0.086,0.305,0.437,0.073,97,0,97,97,15.3,0,2373,119,0,0,1424,0,0,3555,0.43,0,0,108.6,0.086,0.049,0.319,0
"243",11960,90.35,35,0.64,0.13,0.63,8.24,2.9,4.76,32,0.89,10,28,237,78,0.17,0.1,0.151,0.9,2.6,0.03,0.036,0.556,0.401,0.105,27,0,27,27,7.5,0,13790,690,0,3767,6391,0,0,358,0,0,0,9.4,0.023,0.007,0.065,0
"244",11963,94.12,16,1.32,0.09,1.14,3.33,2.2,1.15,164,0.59,52,16,257,21,0.25,0.052,0.457,0.7,9.3,0.012,0.041,0.41,0.167,0.07,3,0,3,3,7.3,0,457,23,0,48,250,0,0,0,0,0,0,5.3,0.016,0.018,0.05,0
"245",11965,89.79,31,2.95,0.3,0.88,6.09,3.2,3.03,33,0.73,20,62,300,23,0.64,0.041,0.247,0.6,88.1,0.08,0.102,0.734,0.696,0.222,57,0,57,57,57.1,0,155,8,0,0,93,0,0,42,0.04,0,0,20.2,0.047,0.028,0.133,0
"246",11972,70.58,99,1.82,0.49,1.8,25.31,0,0,65,8.17,60,101,723,6,2.23,0.266,5.224,0.7,2.6,0.065,0.135,1.101,0.05,0.08,75,0,75,75,0,0,6,0,0,0,3,0,0,0,0,0,0,0,0.119,0.054,0.17,0
"247",11973,72.6,88,7.92,0.73,1.12,17.63,7.5,9.21,37,1.55,33,129,332,25,1,0.402,0.661,0.8,3.7,0.133,0.29,2.249,0.225,0.104,148,0,148,148,0,0,333,17,0,0,196,9,0,1811,1.16,0,0,40.9,0.118,0.104,0.342,0
"248",11974,73.32,93,5.6,2.12,1.65,17.31,11,6.3,363,2.63,95,91,272,9,0.67,0.415,2.855,0.9,11.1,0.04,0.354,2.362,0.231,0.4,83,0,83,83,12.8,0,27521,1376,0,629,16194,9,0,1747,2,0,0,108.6,0.336,0.081,1.065,0
"249",11976,91.81,27,1.66,0.45,0.73,5.35,3.4,1.95,14,0.46,17,32,256,13,0.25,0.094,0.1,0.3,82.7,0.081,0.054,1.242,0.265,0.357,29,0,29,29,7.4,0,340,17,0,39,184,0,0,0,0.69,0,0,9.5,0.048,0.027,0.243,0
"250",11977,90.25,32,1.74,0.44,0.87,6.7,3.7,3.83,11,0.86,22,40,305,10,0.26,0.129,0.187,0.4,44.9,0.054,0.081,1.537,0.2,0.505,23,0,23,23,8.9,0,937,47,0,18,534,40,0,544,0.69,0,0,11.8,0.059,0.023,0.222,0
"251",11979,91.69,29,0.91,0.37,0.53,6.5,2.8,4.12,12,0.25,15,26,248,3,0.14,0.046,0.097,0.4,118.6,0.04,0.07,1.28,0.315,0.419,27,0,27,27,7.5,0,1078,54,0,67,561,105,0,861,3.58,0,0,18.5,0.092,0.029,0.112,0
"252",11981,91.51,29,0.8,0.41,0.58,6.7,1,3.53,12,0.46,16,29,202,1,0.3,0.115,0.204,0.3,92.9,0.079,0.055,1.092,0.205,0.517,53,0,53,53,7.7,0,816,41,0,16,465,34,0,502,0.48,0,0,9.9,0.046,0.024,0.24,0
"253",11984,89.21,32,0.33,0.52,2.5,7.44,3.8,0,275,1.88,121,86,633,43,1.1,0.19,3.098,0.9,3.6,0.028,0.348,0.639,0.179,0.152,215,0,215,215,0,0,57,3,0,0,38,0,0,0,0,0,0,0,0,0,0,0
"254",11985,70.78,103,4.71,2.75,2.54,19.22,10.6,0,429,2.4,156,108,494,34,2.66,0.32,6.704,0.9,2.2,0.033,0.137,4.674,1.356,0.632,112,0,112,112,0,0,3598,180,0,0,0,0,0,0,0,0,0,0,0,0,0,0
"255",11987,89.18,33,3.31,0.41,1.01,6.09,2.3,1.11,3,1.33,18,120,420,18,0.77,0.244,0.113,2.6,0,0.125,0.349,4.956,1.294,0.11,38,0,38,38,48.7,0,48,2,0,0,29,0,0,0,0,0.7,29,0,0.062,0.031,0.123,0
"256",11990,69.11,109,4.8,0.63,1.92,23.54,7.8,0,128,1.03,69,80,568,17,1.62,0.155,0.391,0,41.9,0.131,0.114,0.743,0.203,0.274,18,0,18,18,0,0,35,2,0,0,21,0,0,0,0,0,0,0,0,0,0,0
"257",11991,73.06,98,1.46,0.4,1.45,23.63,1.5,0,9,0.98,24,51,598,21,0.5,0.257,0.186,0.7,5.2,0.097,0.04,0.667,0.209,0.237,17,0,17,17,0,0,8,0,0,0,5,0,0,0,0,0,0,0,0.082,0,0,0
"258",11993,90.37,31,1.94,0.19,0.53,6.97,2.7,2.07,1,0.3,10,74,204,1,0.75,0.252,0.059,2.2,0,0.146,0.242,6.585,0.27,0.056,21,0,21,21,51.1,0,0,0,0,0,0,0,0,0,0.01,28.1,1123,0,0.03,0.03,0.09,0
"259",11994,92.55,30,1.2,0.76,0.83,4.67,2.6,0.88,105,0.59,19,43,274,7,0.41,0.064,0,1.4,29.6,0.1,0.153,0.459,0,0.074,104,0,104,104,26.5,0,1720,86,0,0,1032,0,0,957,0.5,0,0,89.1,0.116,0.053,0.347,0
"260",11995,88.68,34,4.55,0.4,0.83,5.54,0,0,32,1.31,34,101,370,1,0.83,0.32,0.51,0,26.6,0.02,0.21,4.98,0,0,0,0,0,0,0,0,3617,181,0,261,2040,0,0,0,0,0,0,0,0,0,0,0
"261",11998,92.82,22,2.11,0.35,0.85,3.87,1.3,2.5,3,0.31,10,108,364,9,0.53,0.286,0.069,18.6,0,0.059,0.13,4.494,1.14,0.148,28,0,28,28,21.2,0.05,0,0,0,0,0,0,0,0,0.02,28.4,1135,0,0.06,0.02,0.117,0
"262",43392,69.5,115,2.7,0.2,1.99,25.61,1.5,17.16,18,1.69,10,140,1806,14,3.73,0.644,0,0.7,8,0.05,0.18,0.9,0,0.81,24,0,24,24,0,0,68,3,0,0,41,0,0,0,0.5,0,0,0,0.046,0.005,0.089,0
"263",12001,56.27,191,7.4,5.59,1.5,29.24,5.2,0,36,3.67,54,175,941,25,0.9,1.148,0.142,0,6.6,0.482,0.301,0.438,0.877,0.32,53,0,53,53,0,0,256,13,0,0,0,0,0,0,0,0,0,0,1.509,0.712,2.977,0
"264",12003,59.3,168,5.3,2.3,1.1,32,4.8,0,61,0.6,50,124,875,23,0.83,1.069,0.132,0,6.1,0.29,0.17,5.3,0.816,0.298,49,0,49,49,0,0,238,12,0,0,0,0,0,0,0,0,0,0,0.621,0.293,1.225,0
"265",12004,45,217,5.97,0.99,1.76,46.28,0,0,98,2.09,68,67,1183,31,1.13,1.444,0.178,0,27.4,0.055,0.055,0.88,1.103,0.403,66,0,66,66,0,0,248,12,0,0,0,0,0,0,0,0,0,0,0.267,0.126,0.527,0
"266",12005,6.5,367,8.62,1.68,3.81,79.39,14.9,0,94,4.6,115,178,2011,53,1.91,2.455,0.303,1.9,46.6,0.03,0.14,2.1,1.875,0.685,113,0,113,113,0,0,216,11,0,0,0,0,0,0,0,0,0,0,0.454,0.214,0.896,0
"267",12006,5.8,486,16.54,30.74,4.8,42.12,34.4,0,631,7.72,335,860,407,16,4.58,0.924,2.723,55.2,1.6,0.62,0.17,8.83,0,0,49,0,49,0,0,0,54,0,0,0,0,0,0,0,0.5,0,0,0,3.33,2.309,23.665,0
"268",12007,6.3,359,40.96,6.2,6,40.54,3,0,478,12.66,721,1597,1772,35,11.69,1.18,2.143,5.6,2.4,2.102,0.399,4.065,0.448,0.769,229,0,229,229,0,0,434,22,0,0,0,0,0,0,0,0,0,0,1.588,1.133,2.958,0
"269",12008,6.9,332,49.83,1.41,5.76,36.1,0,0,474,12.58,716,1587,1761,35,11.61,1.172,2.129,0,2.4,2.089,0.396,4.039,0.445,0.764,228,0,228,228,0,0,432,22,0,0,0,0,0,0,0,0,0,0,0.31,0.221,0.577,0
"270",12011,1.2,367,49.1,4.77,6.5,38.43,0,0,504,13.35,760,1684,1869,37,12.32,0.001,2.26,0,2.5,2.217,0.42,4.286,0.472,0.811,242,0,242,242,0,0,458,23,0,0,0,0,0,0,0,0,0,0,1.207,0.861,2.248,0
"271",12012,4.96,553,31.56,48.75,6.06,8.67,4,1.5,70,7.95,700,1650,1200,5,9.9,1.6,7.6,0,0.5,1.275,0.285,9.2,0,0.6,110,0,110,110,0,0,11,1,0,0,7,0,0,0,0.8,0,0,0,4.6,5.4,38.1,0
"272",12013,14.16,332,15.41,1.97,3.99,64.47,0,0,163,3.53,210,626,1368,5,1.05,0.35,2.318,0,0,0.64,0.15,1.6,0.851,0.629,104,0,104,104,0,0,50,3,0,0,0,0,0,0,0,0,0,0,0.33,0.388,1.166,0
"273",12014,5.23,559,30.23,49.05,4.78,10.71,6,1.4,46,8.82,592,1233,809,7,7.81,1.343,4.543,9.4,1.9,0.273,0.153,4.987,0.75,0.143,58,0,58,58,63,0,16,1,0,1,9,1,0,74,2.18,0,0,7.3,8.659,16.242,20.976,0
"274",12021,5.62,517,16.18,38.45,5.47,34.29,0,0,78,4.9,353,644,687,3,5.05,1.747,2.014,0,0,1.163,0.415,2.284,4.03,1.17,160,0,160,160,0,0,50,3,0,0,0,0,0,0,0,0,0,0,3.682,4.848,28.223,0
"275",12022,6.41,342,35.62,2.39,6.85,48.73,0,0,77,4.86,350,638,68,3,5.01,1.733,1.998,0,0,1.153,0.412,2.265,3.996,1.161,159,0,159,159,0,0,49,2,0,0,0,0,0,0,0,0,0,0,0.207,0.272,1.584,0
"276",12023,4.69,573,17.73,49.67,4.45,23.45,11.8,0.3,975,14.55,351,629,468,11,7.75,4.082,2.46,34.4,0,0.791,0.247,4.515,0.05,0.79,97,0,97,97,25.6,0,9,0,0,0,5,0,0,0,0.25,0,0,0,6.957,18.759,21.773,0
"277",12024,3.3,565,16.96,48,6,25.74,14,0,989,14.76,356,638,475,11,7.16,2.47,2.496,34.4,0,0.803,0.251,4.581,0.051,0.802,98,0,98,98,0,0,9,0,0,0,0,0,0,0,0,0,0,0,6.722,18.127,21.039,0
"278",12032,6.61,382,40.32,11.89,6.05,35.14,0,0,150,14.3,362,810,425,41,10.7,1.432,1.403,0,0,2.53,0.27,12.6,2.76,0.152,29,0,29,29,0,0,69,3,0,0,0,0,0,0,0,0,0,0,1.634,4.405,5.113,0
"279",12033,7.1,333,50.14,1.75,5.5,35.51,0,0,149,14.22,338,757,397,39,10,1.425,1.396,0,0,2.516,0.269,12.533,2.745,0.142,29,0,29,29,0,0,64,3,0,0,0,0,0,0,0,0,0,0,0.201,0.543,0.63,0
"280",12034,5,567,16.96,48,4,26.04,0,0,153,14.55,346,774,406,39,10.23,1.457,1.427,0,0,2.573,0.275,12.816,2.807,0.146,30,0,30,30,0,0,66,3,0,0,0,0,0,0,0,0,0,0,6.722,18.127,21.039,0
"281",12036,4.73,584,20.78,51.46,3.02,20,8.6,2.62,78,5.25,325,660,645,9,5,1.8,1.95,53,1.4,1.48,0.355,8.335,1.13,1.345,227,0,227,227,55.1,0,50,3,0,0,30,0,0,0,35.17,0,0,0,4.455,18.528,23.137,0
"282",12041,7.47,326,48.06,1.61,7.04,35.83,5.2,0,114,6.62,346,689,67,3,4.95,1.713,1.975,58.2,1.3,3.187,0.266,7.313,6.595,0.753,222,0,222,222,0,0,49,2,0,0,0,0,0,0,0,0,0,0,0.138,0.252,0.87,0
"283",12058,27.9,387,6.15,23.86,1.35,40.75,0,0,41,0.79,62,79,539,0,0.51,0.621,1.337,0,0,0.112,0.118,1.827,0.715,0.528,87,0,87,87,0,0,39,2,0,0,0,0,0,0,0,0,0,0,3.102,15.109,4.596,0
"284",12059,5.06,509,8.1,31.41,1.78,53.66,0,0,54,1.04,82,103,709,0,0.67,0.818,1.363,0,0,0.149,0.154,2.406,0.94,0.695,115,0,115,115,0,0,0,0,0,0,0,0,0,0,0,0,0,0,4.084,19.896,6.052,0
"285",12060,6,501,7.49,30.17,1.69,54.65,0,0,43,1.21,110,103,712,0,0.64,0.611,1.743,0,0,0.146,0.154,2.382,0.931,0.688,114,0,114,114,0,0,51,3,0,0,0,0,0,0,0,0,0,0,3.923,19.11,5.813,0
"286",12061,4.41,579,21.15,49.93,2.97,21.55,12.5,4.35,269,3.71,270,481,733,1,3.12,1.031,2.179,4.1,0,0.205,1.138,3.618,0.471,0.137,44,0,44,44,52.1,0,2,0,0,0,1,0,0,1,25.63,0,0,0,3.802,31.551,12.329,0
"287",12062,4.51,590,21.4,52.52,2.91,18.67,9.9,4.63,236,3.28,268,481,659,19,2.97,1.027,1.835,3.2,0,0.191,0.711,3.5,0.314,0.115,49,0,49,49,52.1,0,7,0,0,0,4,0,0,1,23.75,0,0,0,3.953,33.415,12.368,0
"288",12071,14.08,458,9,27.74,1.37,47.81,4.8,36.25,172,1.6,130,258,314,9,1.48,0.454,0.856,4.2,0.1,0.082,0.414,1.422,0.113,0.036,73,0,73,73,28.5,0,0,0,0,0,0,0,0,1,13.54,0,0,0,2.629,18.012,5.821,0
"289",12077,6.6,576,6.2,50,3.7,33.5,0,0,1,2.46,0,0,1017,38,0.36,0.67,1.341,0,15.5,0.304,0.371,0.877,0.925,0.684,113,0,113,113,0,0,0,0,0,0,0,0,0,0,0,0,0,0,5.719,21.892,20.089,0
"290",12078,3.42,659,14.32,67.1,3.43,11.74,7.5,2.33,160,2.43,376,725,659,3,4.06,1.743,1.223,1917,0.7,0.617,0.035,0.295,0.184,0.101,22,0,22,22,28.8,0,0,0,0,0,0,0,0,0,5.65,0,0,0,16.134,23.879,24.399,0
"291",12084,3.34,612,24.9,56.98,2.73,12.05,4.7,0,53,4.02,237,446,421,1,3.13,0.45,6.56,17.2,3.2,0.383,0.148,1.045,0.633,0.56,66,0,66,66,0,0,124,6,0,0,0,0,0,0,0,0,0,0,1.306,10.425,42.741,0
"292",12087,5.2,553,18.22,43.85,2.54,30.19,3.3,5.91,37,6.68,292,593,660,12,5.78,2.195,1.655,19.9,0.5,0.423,0.058,1.062,0.864,0.417,25,0,25,25,0,0,0,0,0,0,0,0,0,22,0.9,0,0,34.1,7.783,23.797,7.845,0
"293",12093,43.95,224,4.2,1.11,1.67,49.07,0,0,18,1.41,84,96,447,3,0.87,0.363,1.601,0,36,0.16,0.18,0.8,0.555,0.41,68,0,68,68,0,0,202,10,0,0,0,0,0,0,0,0,0,0,0.164,0.581,0.288,0
"294",12094,8.9,363,6.82,1.81,2.71,79.76,0,0,29,2.29,137,155,726,5,1.41,0.59,2.601,0,58.5,0.26,0.293,1.3,0.902,0.666,110,0,110,110,0,0,328,16,0,0,0,0,0,0,0,0,0,0,0.266,0.945,0.468,0
"295",12095,61.57,153,2.88,0.76,1.14,33.64,0,0,12,0.97,58,66,306,2,0.6,0.249,1.097,0,24.7,0.11,0.123,0.548,0.381,0.281,46,0,46,46,0,0,138,7,0,0,0,0,0,0,0,0,0,0,0.112,0.399,0.197,0
"296",12096,40.2,239,4.48,1.19,1.78,52.36,0,0,19,1.5,90,102,477,4,0.93,0.387,1.708,0,38.4,0.15,0.09,1.5,0.592,0.437,72,0,72,72,0,0,5,0,0,0,0,0,0,0,0,0,0,0,0.175,0.62,0.307,0
"297",12097,48.65,213,2.42,2.26,1.13,45.54,8.1,0,27,1.01,32,93,518,3,0.52,0.447,0.952,0,43,0.238,0.168,1.179,0.509,0.376,62,0,62,62,0,0,28,1,0,0,0,0,0,0,0,0,0,0,0.425,0.78,0.894,0
"298",12098,52,196,1.63,1.25,0.96,44.17,0,0,19,0.94,30,38,484,2,0.49,0.418,0.336,0,40.2,0.144,0.016,1.102,0.476,0.352,58,0,58,58,0,0,26,1,0,0,0,0,0,0,0,0,0,0,0.235,0.43,0.493,0
"299",12099,9.45,374,6.39,4.45,2.4,77.31,11.7,0,67,2.38,74,175,986,37,0.35,0.65,1.3,1.8,15,0.295,0.36,0.85,0.897,0.663,109,0,109,109,0,0,0,0,0,0,0,0,0,0,0,0,0,0,0.837,1.535,1.758,0
"300",12100,9,369,5.01,3.91,3.64,78.43,0,0,64,2.39,74,137,991,37,0.35,0.653,1.183,0,15.1,0.354,0.054,0.854,0.901,0.666,110,0,110,110,0,0,0,0,0,0,0,0,0,0,0,0,0,0,0.736,1.349,1.546,0
"301",12101,68.15,131,2,1.38,0.71,27.76,0,0,46,1.73,54,99,715,27,0.25,0.472,0.854,0,26.7,0.148,0.104,0.731,0.316,0.233,38,0,38,38,0,0,17,1,0,0,0,0,0,0,0,0,0,0,0.26,0.476,0.545,0
"302",12104,46.99,354,3.33,33.49,0.97,15.23,9,6.23,14,2.43,32,113,356,20,1.1,0.435,1.5,10.1,3.3,0.066,0.02,0.54,0.3,0.054,26,0,26,26,12.1,0,0,0,0,0,0,0,0,0,0.24,0,0,0.2,29.698,1.425,0.366,0
"303",12108,3,660,6.88,64.53,1.94,23.65,16.3,7.35,26,3.32,90,206,543,37,2.01,0.796,2.745,18.5,1.5,0.06,0.1,0.603,0.8,0.3,9,0,9,9,22.1,0,0,0,0,0,0,0,0,0,0.44,0,0,0.3,57.218,2.745,0.706,0
"304",12109,15.46,456,3.13,27.99,1.57,51.85,9.9,36.75,11,1.51,51,100,361,285,0.71,0.295,0.959,16.1,0,0.015,0.015,0.697,0.14,0.03,3,0,3,3,19.3,0,0,0,0,0,0,0,0,0,0,0,0,0,26.396,1.377,0.222,0
"305",12110,23.27,443,3.35,31.69,0.78,40.91,4.5,0,14,1.84,49,103,324,20,1.59,0.308,2.171,0,0,0.03,0.02,0.305,0.633,0.237,7,0,7,7,0,0,0,0,0,0,0,0,0,0,0,0,0,0,28.101,1.348,0.347,0
"306",12114,1,592,5.3,47,2.3,44.4,0,0,27,3.39,92,211,554,37,2.05,0.812,2.801,0,1.5,0.061,0.102,0.616,0.817,0.306,9,0,9,9,0,0,0,0,0,0,0,0,0,0,0,0,0,0,41.678,1.999,0.514,0
"307",12115,53.9,330,3.63,34.68,1.15,6.65,2.2,0,11,2.28,28,122,325,4,0.96,0.378,1.304,0,2.8,0.03,0,0.89,0.261,0.047,23,0,23,23,0,0,0,0,0,0,0,0,0,0,0,0,0,0,30.753,1.475,0.379,0
"308",12116,28.97,357,1.17,16.31,0.34,53.21,0.2,51.5,4,0.13,17,22,101,36,0.6,0.236,0.815,5.5,0,0.022,0.04,0.038,0.163,0.029,14,0,14,14,6.6,0,0,0,0,0,0,0,0,0,0.13,0,0,0.1,15.472,0.679,0.159,0
"309",12117,67.62,230,2.29,23.84,0.72,5.54,2.2,3.34,16,1.64,37,100,263,15,0.67,0.266,0.916,6.2,2.8,0.026,0,0.76,0.183,0.033,16,0,16,16,8.5,0,0,0,0,0,0,0,0,0,0.15,0,0,0.1,21.14,1.014,0.261,0
"310",12118,72.88,197,2.02,21.33,0.97,2.81,0,0,18,3.3,46,96,220,13,0.56,0.223,0.768,0,1,0.022,0,0.637,0.153,0.028,14,0,14,14,8.5,0,0,0,0,0,0,0,0,0,0,0,0,0,18.915,0.907,0.233,0
"311",12119,94.99,19,0.72,0.2,0.39,3.71,1.1,2.61,24,0.29,25,20,250,105,0.1,0.04,0.142,1,2.4,0.03,0.057,0.08,0.043,0.032,3,0,3,3,1.1,0,0,0,0,0,0,0,0,0,0,0,0,0,0.176,0.008,0.002,0
"312",12120,5.31,628,14.95,60.75,2.29,16.7,9.7,4.34,114,4.7,163,290,680,0,2.45,1.725,6.175,2.4,6.3,0.643,0.113,1.8,0.918,0.563,113,0,113,113,45.6,0,20,1,0,3,11,0,0,92,15.03,0,0,14.2,4.464,45.652,7.92,0
"313",12121,5.79,629,13.7,61.15,2.36,17,11,3.49,149,3.3,160,310,658,0,2.2,1.6,12.65,4.1,2,0.475,0.11,1.55,0.815,0.585,78,0,78,78,0,0,40,2,0,2,23,0,0,0,17.5,0,0,0,4.669,48.192,5.558,0
"314",12127,55.2,182,4.32,1.68,1.2,37.6,0,0,2,1,27,124,510,7,0.34,0.274,0.113,0,15,0.22,0.09,6,0.16,0.328,54,0,54,54,0,0,558,28,0,0,0,0,0,0,0,0,0,0,0.319,0.619,0.618,0
"315",12128,12.4,348,10.35,2,2.8,72.45,0,0,20,1.6,53,269,998,13,0.67,0.536,0.22,0,29.3,0.43,0.176,11.732,1.345,0.641,106,0,106,106,0,0,1091,55,0,0,0,0,0,0,0,0,0,0,0.381,0.739,0.737,0
"316",12129,72.95,111,2.29,1.62,1.04,22.1,9.3,0,4,0.29,16,54,180,307,0.21,0.166,0.068,0.5,9.1,0.133,0.054,3.623,0.097,0.198,33,0,33,33,0,0,337,17,0,0,0,0,0,0,0,0,0,0,0.309,0.599,0.597,0
"317",12130,2.65,657,12.72,64.37,2,18.25,6.4,0,61,2.12,173,336,436,1,4.31,0.738,4.61,8.1,2,0.867,0.131,0.907,1.746,0.192,40,0,40,40,0,0,131,7,0,0,0,0,0,0,0,0,0,0,7.038,32.611,21.886,0
"318",12131,1.36,718,7.91,75.77,1.14,13.82,8.6,4.57,85,3.69,130,188,368,5,1.3,0.756,4.131,3.6,1.2,1.195,0.162,2.473,0.758,0.275,11,0,11,11,0,0,0,0,0,0,0,0,0,0,0.54,0,0,0,12.061,58.877,1.502,0
"319",12142,3.52,691,9.17,71.97,1.49,13.86,9.6,3.97,70,2.53,121,277,410,0,4.53,1.2,4.5,3.8,1.1,0.66,0.13,1.167,0.863,0.21,22,0,22,22,40.5,0,56,3,0,0,29,9,0,17,1.4,0,0,3.5,6.18,40.801,21.614,0
"320",12145,2.77,719,10.8,79.55,2.91,3.98,0,0,145,3.53,302,575,507,3,2.97,0.958,2.313,0,0.6,0.913,0.093,0.519,0.479,0.115,60,0,60,60,0,0,41,2,0,0,0,0,0,0,0,0,0,0,31.184,37.229,7.605,0
"321",12147,2.28,673,13.69,68.37,2.59,13.08,3.7,3.59,16,5.53,251,575,597,2,6.45,1.324,8.802,0.7,0.8,0.364,0.227,4.387,0.313,0.094,34,0,34,34,55.8,0,29,1,0,0,17,0,0,9,9.33,0,0,53.9,4.899,18.764,34.071,0
"322",12149,5.9,629,11.57,60.98,2.26,19.3,10.7,0,8,3.06,234,35,628,72,4.28,1.035,4.333,0,2,1.243,0.223,4.37,0.21,0.111,58,0,58,58,0,0,29,1,0,0,0,0,0,0,0,0,0,0,9.377,22.942,25.668,0
"323",12151,4.37,560,20.16,45.32,2.99,27.17,10.6,7.66,105,3.92,121,490,1025,1,2.2,1.3,1.2,7,5.6,0.87,0.16,1.3,0.52,1.7,51,0,51,51,0,0,516,26,0,10,305,0,0,2903,2.86,0,0,0,5.907,23.257,14.38,0
"324",12154,4.56,619,24.06,59.33,2.47,9.58,6.8,1.1,61,3.12,201,513,523,2,3.37,1.36,3.896,17,1.7,0.057,0.13,0.47,1.66,0.583,31,0,31,31,32.1,0,40,2,0,0,24,0,0,9,2.08,0,0,2.7,3.483,15.442,36.437,0
"325",12155,4.07,654,15.23,65.21,1.78,13.71,6.7,2.61,98,2.91,158,346,441,2,3.09,1.586,3.414,4.9,1.3,0.341,0.15,1.125,0.57,0.537,98,0,98,98,39.2,0,20,1,0,0,12,0,0,9,0.7,0,0,2.7,6.126,8.933,47.174,0
"326",12156,6.28,500,8.28,35.71,2.13,47.59,3.6,32.14,71,1.29,0,0,232,446,0,0,0,0,0,0,0,0,0,0,0,0,0,0,0,0,0,0,0,0,0,0,0,0,0,0,0,0,3.571,5.357,25,0
"327",12158,49.7,207,6.2,2.7,1.3,40.1,6,0,86,0.9,62,175,1082,28,1.03,1.321,0.163,0,7.6,0.41,0.24,7.4,1.009,0.42,59,0,59,59,0,0,294,15,0,0,0,0,0,0,0,0,0,0,0.729,0.344,1.438,0
"328",12160,4.65,506,32.59,36.29,4.58,21.9,5.5,0,100,5.4,440,800,1350,25,6,1.2,2.181,0,9,0.75,0.255,3,0.456,0.782,233,0,233,233,0,0,442,22,0,0,0,0,0,0,0,0,0,0,9.699,6.919,18.068,0
"329",12166,3.05,595,17,53.76,5,21.19,9.3,0.49,426,8.95,95,732,414,115,4.62,1.61,1.456,34.4,0,1.22,0.473,5.45,0.693,0.149,98,0,98,98,25.8,0,67,3,0,0,40,0,0,0,0.25,0,0,0,7.529,20.302,23.564,0
"330",12167,40.48,245,3.17,2.2,1.2,52.96,5.1,10.6,29,0.91,33,107,592,2,0.57,0.507,1.18,1.2,26,0.243,0.175,1.342,0.554,0.497,70,0,70,70,1.5,0,24,1,0,0,14,0,0,13,0.5,0,0,7.8,0.414,0.759,0.869,0
"331",12169,1.6,586,18.08,50.87,5.4,24.05,5.5,0,960,19.2,362,659,582,12,7.29,4.214,2.54,35.5,0,0.24,0.2,6.7,0.052,0.816,100,0,100,100,0,0,50,3,0,0,0,0,0,0,0,0,0,0,7.124,19.209,22.296,0
"332",12170,0.9,526,30.78,37.1,4.6,26.62,0,0,159,15.17,361,807,423,41,10.67,1.52,1.489,0,0,2.684,0.286,13.369,2.928,0.152,31,0,31,31,0,0,69,3,0,0,0,0,0,0,0,0,0,0,5.196,14.01,16.261,0
"333",12171,3,607,17.95,56.44,4.73,17.89,9.3,0,141,6.35,353,790,459,1,10.45,1.488,1.457,0,0,1.587,0.12,5.644,0.694,0.149,98,0,98,98,0,0,67,3,0,0,0,0,0,0,0,0,0,0,7.904,21.313,24.737,0
"334",12174,5.05,557,28.33,47.37,3.94,15.31,0,0,54,7.28,515,755,648,99,10.24,0.686,1.614,0,0,0.19,0.145,3.55,0.346,0.089,58,0,58,58,0,0,0,0,0,0,0,0,0,0,0,0,0,0,9.779,7.407,28.094,0
"335",12175,9.96,360,5.25,1.24,2.11,81.43,0,0,72,3.38,115,169,768,34,2.57,1.312,3.711,0,61.3,0.802,0.38,3.5,0.481,0.659,109,0,109,109,0,0,86,4,0,0,0,0,0,0,0,0,0,0,0.183,0.65,0.322,0
"336",12176,71.42,202,1.61,20.8,0.59,5.58,0,0,4,0.81,32,59,232,12,0.59,0.235,0.809,0,1.1,0.023,0,0.671,0.161,0.03,14,0,14,14,0,0,0,0,0,0,0,0,0,0,0,0,0,0,18.445,0.885,0.228,0
"337",12177,1.67,684,5.3,69.08,2.44,21.52,0,0,26,3.36,92,209,551,37,2.04,0.807,2.783,0,1.5,0.061,0.101,0.611,0.811,0.304,9,0,9,9,0,0,0,0,0,0,0,0,0,0,0,0,0,0,61.257,2.939,0.756,0
"338",12179,12.55,501,2.88,35.49,1.42,47.67,4.5,43.17,15,1.92,50,107,337,262,1.82,0.313,2.475,16.7,0.7,0.031,0.02,0.474,0.722,0.271,8,0,8,8,19.3,0,0,0,0,0,0,0,0,0,0.39,0,0,0.3,31.468,1.51,0.388,0
"339",12193,6.1,318,12.14,4.6,18.9,58.26,0,0,1633,0.11,314,6,2130,92,0.3,0.11,1.512,0,30.7,0.191,0.423,16.825,0.997,0.778,95,0,95,95,0,0,63,3,0,0,0,0,0,0,0,0,0,0,0.902,1.486,2.023,0
"340",12198,3,570,17.81,48,5,26.19,9.3,0,420,2.51,96,752,414,74,4.64,1.618,1.457,0,0,1.283,0.51,5.925,0.694,0.149,98,0,98,98,0,0,67,3,0,0,0,0,0,0,0,0,0,0,6.722,18.127,21.039,0
"341",12201,3.75,631,20.45,61.21,2.86,11.73,11.6,0.48,60,6.36,345,667,370,47,6.73,1.4,1.44,34.4,0,0.699,0.09,5.8,0.29,0.4,115,0,115,115,25.6,0,66,3,0,0,40,0,0,0,1.68,0,0,0,9.055,23.924,25.491,0
"342",12202,61.41,154,2.25,0.53,0.91,34.91,0,0,31,1.45,49,72,329,14,1.1,0.562,1.591,0,26.3,0.344,0.163,1.5,0.206,0.283,47,0,47,47,0,0,37,2,0,0,0,0,0,0,0,0,0,0,0.078,0.278,0.138,0
"343",12203,86.03,56,0.82,0.19,0.33,12.64,0,0,11,0.53,18,26,119,5,0.4,0.204,0.576,0,9.5,0.125,0.059,0.543,0.075,0.102,17,0,17,17,0,0,13,1,0,0,0,0,0,0,0,0,0,0,0.028,0.101,0.05,0
"344",12204,49.9,201,2.97,0.8,1.2,45.13,0,0,35,2.1,64,93,427,19,1.43,0.73,2.065,0,28,0.45,0,0.7,0.466,0.418,59,0,59,59,0,0,74,4,0,0,0,0,0,0,0,0,0,0,0.118,0.419,0.207,0
"345",12205,77,89,4.13,0.53,1.07,17.28,0,0,44,0.95,56,168,367,1,0.28,0.094,0.621,0,0,0.171,0.04,0.429,0.228,0.168,28,0,28,28,0,0,13,1,0,0,0,0,0,0,0,0,0,0,0.088,0.104,0.312,0
"346",12206,1.7,594,18.17,49.9,2.33,27.9,13.7,0,263,2.83,240,400,560,130,2.6,0.97,2.003,0,0.7,0.114,0.953,2.819,0.258,0.085,32,0,32,32,0,0,0,0,0,0,0,0,0,0,0,0,0,0,4.73,32.402,10.472,0
"347",12220,6.96,534,18.29,42.16,3.72,28.88,27.3,1.55,255,5.73,392,642,813,30,4.34,1.22,2.482,25.4,0.6,1.644,0.161,3.08,0.985,0.473,87,0,87,87,78.7,0,0,0,0,0,0,0,0,651,0.31,0,0,4.3,3.663,7.527,28.73,0
"348",12698,3,592,17.4,53.01,5.09,21.5,4.7,0,141,4.42,95,790,459,35,4.62,1.61,0,34.4,4.2,1.59,0.12,5.64,0,0.15,98,0,98,98,0,0,67,3,0,0,0,0,0,0,0,0,0,0,7.423,20.016,23.232,0
"349",16001,13.44,329,19.87,0.53,3.26,62.9,12.7,0,66,4.98,127,381,1254,5,5.04,1.094,1.73,3.1,0,0.455,0.22,2.63,1.471,0.351,622,0,622,622,0,0,17,1,0,0,0,0,0,0,0,0,0,0,0.191,0.05,0.113,0
"350",16014,11.02,341,21.6,1.42,3.6,62.36,15.5,2.12,123,5.02,171,352,1483,5,3.65,0.841,1.06,3.2,0,0.9,0.193,1.955,0.899,0.286,444,0,444,444,66.4,0,17,0,0,0,0,0,0,0,0.21,0,0,5.6,0.366,0.123,0.61,0
"351",16016,11,339,21.25,0.9,3.6,63.25,15.5,2.12,160,8.7,160,440,1500,9,2.2,1,1,3.2,0,0.9,0.193,1.955,0.899,0.286,444,0,444,444,0,0,17,0,0,0,0,0,0,0,0.21,0,0,5.6,0.232,0.078,0.387,0
"352",16019,12.39,335,23.03,1.23,3.31,60.05,24.7,0,127,5,156,372,1332,6,3.63,0.794,0.92,12.7,0,0.747,0.213,1.455,0.748,0.309,604,0,604,604,0,0,2,0,0,0,0,0,0,0,0,0,0,0,0.316,0.106,0.527,0
"353",16022,10.77,343,18.81,2.02,4.3,64.11,25.2,0,186,3.4,188,304,1316,18,1.9,0.44,1.2,12.9,4.6,0.535,0.221,2.083,0.789,0.401,399,0,399,399,0,0,8,0,0,0,0,0,0,0,0,0,0,0,0.221,0.138,1.207,0
"354",16024,10.7,339,21.86,1.14,3.93,62.37,20.2,2.26,175,5.47,189,447,1387,14,2.31,0.837,1.423,12.9,5.3,0.653,0.237,1.955,1.098,0.447,482,0,482,482,0,0,0,0,0,0,0,0,0,0,0.22,0,0,6,0.356,0.053,0.477,0
"355",16027,11.75,333,23.58,0.83,3.83,60.01,24.9,2.23,143,8.2,140,407,1406,24,2.79,0.958,1.021,3.2,4.5,0.529,0.219,2.06,0.78,0.397,394,0,394,394,0,0,0,0,0,0,0,0,0,0,0.22,0,0,19,0.12,0.064,0.457,0
"356",16030,11.75,330,24.37,0.25,3.83,59.8,24.9,0,195,9.35,160,405,1490,11,2.55,1.1,1,3.2,4.5,0.529,0.219,2.06,0.78,0.397,394,0,394,394,0,0,8,0,0,0,0,0,0,0,0,0,0,0,0.036,0.019,0.138,0
"357",16032,11.75,337,22.53,1.06,3.37,61.29,15.2,2.1,83,6.69,138,406,1359,12,2.79,0.699,1.111,3.2,4.5,0.608,0.215,2.11,0.78,0.397,394,0,394,394,65.9,0,0,0,0,0,0,0,0,0,0.21,0,0,5.6,0.154,0.082,0.586,0
"358",16035,11.9,329,25.33,0.45,4,58.33,24.9,0,131,8.7,138,406,1346,13,2.66,1,1.109,3.2,4.5,0.39,0.24,2.106,0.779,0.396,393,0,393,393,0,0,8,0,0,0,0,0,0,0,0,0,0,0,0.065,0.035,0.249,0
"359",16037,12.1,337,22.33,1.5,3.32,60.75,15.3,3.88,147,5.49,175,407,1185,5,3.65,0.834,1.418,11,0,0.775,0.164,2.188,0.744,0.428,364,0,364,364,87.4,0,0,0,0,0,0,0,0,0,0.02,0,0,2.5,0.17,0.128,0.873,0
"360",16040,10.06,343,20.96,1.13,3.66,64.19,12.7,2.14,130,6.77,182,415,1464,8,2.55,0.81,1.376,13,0,0.772,0.192,1.892,0.997,0.527,463,0,463,463,67.2,0,0,0,0,0,0,0,0,0,0.21,0,0,5.7,0.292,0.098,0.487,0
"361",16042,11.33,347,21.42,1.23,3.46,62.55,15.5,2.11,113,5.07,176,411,1393,12,2.28,0.893,1.148,27.9,6.3,0.713,0.212,1.174,0.785,0.474,525,0,525,525,66.2,0,0,0,0,0,0,0,0,0,0.21,0,0,5.6,0.235,0.229,0.407,0
"362",16045,11.71,336,21.11,1.18,3.75,62.25,24.9,0,173,7.73,183,445,1542,12,2.81,0.635,1.278,12.8,0,0.743,0.207,1.342,0.729,0.439,386,0,386,386,0,0,0,0,0,0,0,0,0,0,0,0,0,0,0.304,0.102,0.507,0
"363",16047,11.1,345,22,2.6,3.6,60.7,25.1,0,166,7.01,222,488,1042,12,2.83,0.639,1.286,12.8,0,0.69,0.33,2.43,0.734,0.442,389,0,389,389,0,0,6,0,0,0,0,0,0,0,0,0,0,0,0.671,0.226,1.118,0
"364",16049,11.32,333,23.36,0.85,4.2,60.27,15.2,2.11,240,10.44,190,301,1795,16,3.67,0.984,1.796,12.8,0,0.437,0.146,0.479,0.732,0.318,388,0,388,388,66.2,0,0,0,0,0,0,0,0,0,0.21,0,0,5.6,0.219,0.074,0.364,0
"365",16052,10.98,341,26.12,1.53,3.08,58.29,25,5.7,103,6.7,192,421,1062,13,3.14,0.824,1.626,8.2,1.4,0.555,0.333,2.832,0.976,0.366,423,0,423,423,95.8,0,53,3,0,0,32,0,0,0,0.05,0,0,9,0.254,0.303,0.627,0
"366",16056,7.68,378,20.47,6.04,2.85,62.95,12.2,10.7,57,4.31,79,252,718,24,2.76,0.656,21.306,0,4,0.477,0.212,1.541,1.588,0.535,557,0,557,557,99.3,0,67,3,0,0,40,0,0,0,0.82,0,0,9,0.603,1.377,2.731,0
"367",16060,11.05,343,23.85,2.07,3.39,59.64,10.7,0,85,9.95,333,438,1375,58,6.11,1.059,1.544,9.1,1.5,0.68,0.17,2.795,1.511,0.361,639,0,639,639,0,0,33,2,0,0,0,0,0,0,0,0,0,0,0.542,0.173,0.889,0
"368",16062,11.95,336,23.52,1.26,3.24,60.03,10.6,6.9,110,8.27,184,424,1112,16,3.37,0.845,1.528,9,1.5,0.853,0.226,2.075,1.496,0.357,633,0,633,633,94.7,0,50,3,0,0,30,0,0,0,0.39,0,0,5,0.331,0.106,0.542,0
"369",16067,9.38,344,23.9,1.69,4.29,60.74,25.6,0,130,5.1,283,372,1235,21,9.3,1.335,1.573,8.2,0,1.13,0.136,1.61,1.237,0.155,23,0,23,23,0,0,0,0,0,0,0,0,0,0,0,0,0,0,0.288,0.076,0.715,0
"370",16069,8.26,352,24.63,1.06,2.71,63.35,10.7,2.03,35,6.51,47,281,677,6,3.27,0.754,1.393,0.1,4.5,0.873,0.211,2.605,2.14,0.54,479,0,479,479,96.4,0,39,2,0,0,23,0,0,0,0.49,0,0,5,0.154,0.193,0.526,0
"371",16071,10.17,338,21.46,0.69,4.3,63.38,19,8.5,81,7.51,224,385,1724,18,2.83,0.74,1.672,7.2,0,0.507,0.202,1.537,1.355,0.512,395,0,395,395,96.7,0,0,0,0,0,0,0,0,0,0.72,0,0,6,0.161,0.062,0.309,0
"372",16074,12.07,335,20.62,0.93,3.55,62.83,20.6,8.32,81,6.19,188,370,1403,13,2.6,0.665,1.686,7,0,0.574,0.218,1.712,1.265,0.327,400,0,400,400,0,0,0,0,0,0,0,0,0,0,0.7,0,0,5.9,0.219,0.084,0.42,0
"373",16076,10.44,371,36.17,9.74,3.28,40.37,18.9,0,176,4.36,198,440,1013,15,4.75,1.022,2.382,8.2,4.8,0.64,0.22,2.19,0.75,0.357,355,0,355,355,0,0,0,0,0,0,0,0,0,0,0,0,0,0,1.156,3.94,2.439,0
"374",16078,9.68,343,22.94,1.61,4.26,61.52,0,0,150,10.85,381,489,1191,30,1.92,0.688,1.82,8.2,4,0.562,0.091,2.8,1.535,0.366,649,0,649,649,0,0,32,2,0,0,0,0,0,0,0,0,0,0,0.364,0.129,0.75,0
"375",16080,9.05,347,23.86,1.15,3.32,62.62,16.3,6.6,132,6.74,189,367,1246,15,2.68,0.941,1.035,8.2,4.8,0.621,0.233,2.251,1.91,0.382,625,0,625,625,97.9,0,114,6,0,0,68,0,0,0,0.51,0,0,9,0.348,0.161,0.384,0
"376",16083,10.8,341,25.21,1.64,3.36,58.99,18.3,0,138,7.57,267,379,983,38,3.35,0.981,1.527,8.2,0,0.273,0.254,1.447,0.906,0.281,216,0,216,216,0,0,23,1,0,0,0,0,0,0,0,0,0,0,0.114,0.085,1.071,0
"377",16085,8.62,352,23.82,1.16,2.66,63.74,25.5,8,37,4.82,49,321,823,15,3.55,0.815,1.22,4.1,1.8,0.726,0.215,2.889,1.758,0.174,274,0,274,274,95.5,0,149,7,0,0,89,0,0,0,0.09,0,0,14.5,0.161,0.242,0.495,0
"378",16087,6.5,567,25.8,49.24,2.33,16.13,8.5,4.72,92,4.58,168,376,705,18,3.27,1.144,1.934,7.2,0,0.64,0.135,12.066,1.767,0.348,240,0,240,240,52.5,0,0,0,0,0,0,0,0,0,8.33,0,0,0,6.279,24.426,15.558,0
"379",16091,6.39,570,26.15,49.6,2.03,15.83,9.5,0,106,3.91,188,388,744,22,2.12,0.9,2.64,7.2,0,0.675,0.135,15.925,1.769,0.348,240,0,240,240,0,0,0,0,0,0,0,0,0,0,0,0,0,0,7.098,22.325,17.238,0
"380",16093,4.26,570,25.09,47.58,2.17,20.91,8.7,0,62,2.09,184,336,332,1,3.34,1.171,1.98,7.3,0,0.639,0.3,12.875,1.809,0.34,246,0,246,246,0,0,0,0,0,0,0,0,0,0,0,0,0,0,7.329,21.414,16.5,0
"381",16095,6.91,563,25.19,48.75,2.61,16.54,8.5,3.95,89,2.55,171,380,690,10,4.43,1.112,1.696,7.1,0,0.653,0.131,12.375,1.759,0.346,239,0,239,239,0,0,0,0,0,0,0,0,0,0,6.56,0,0,0,6.434,25.58,14.877,0
"382",16101,10.59,343,21.7,1.49,3.45,62.78,15,0,130,5.23,183,367,1392,17,2.76,1.057,1.791,8.2,0,0.643,0.187,2.965,1.266,0.283,456,0,456,456,0,0,28,1,0,0,0,0,0,0,0,0,0,0,0.33,0.012,0.814,0
"383",16108,8.54,446,36.49,19.94,4.87,30.16,9.3,7.33,277,15.7,280,704,1797,2,4.89,1.658,2.517,17.8,6,0.874,0.87,1.623,0.793,0.377,375,0,375,375,115.9,0,22,1,0,0,13,0,0,0,0.85,0,0,47,2.884,4.404,11.255,0
"384",16115,5.16,434,37.81,20.65,4.46,31.92,9.6,7.5,206,6.37,429,494,2515,13,3.92,2.92,2.275,7.5,0,0.581,1.16,4.32,1.59,0.461,345,0,345,345,190.6,0,120,6,0,0,72,0,0,0,1.95,0,0,70,2.987,4.561,11.657,0
"385",16119,6.94,337,49.2,2.39,5.58,35.89,0,0,244,13.7,306,701,2490,3,5.06,2,3.8,3.3,0,0.691,0.251,2.587,1.976,0.569,303,0,303,303,0,0,40,2,0,0,0,0,0,0,0,0,0,0,0.268,0.409,1.045,0
"386",16133,8.43,347,24.33,1.31,4.03,61.91,11,0,138,8.61,338,559,1157,17,3.5,0.879,1.59,8.2,1.6,0.887,0.235,2.158,1.556,0.371,658,0,658,658,0,0,52,3,0,0,0,0,0,0,0,0,0,0,0.339,0.114,0.565,0
"387",16135,8.34,409,29.65,16.32,3.98,41.71,25.9,0,440,13.44,179,451,977,38,4.48,2.88,3.721,8.2,0,1.03,0.45,3.09,0.795,0.175,45,0,45,45,0,0,0,0,0,0,0,0,0,0,0,0,0,0,2.303,6.012,4.33,0
"388",16144,7.82,358,23.91,2.17,3,63.1,10.8,0,48,7.39,59,294,668,7,3.6,1.303,1.716,0,1.7,0.51,0.106,1.495,0.348,0.403,204,0,204,204,0,0,58,3,0,0,35,0,0,0,0,0,0,0,0.379,0.5,1.137,0
"389",20003,11.37,357,0.3,0.1,0.08,88.15,3.4,0,40,0.33,3,5,11,2,0.07,0.04,0.47,0,0,0.001,0,0,0.13,0.005,7,0,7,7,0,0,0,0,0,0,0,0,0,0,0,0,0,0,0.019,0.002,0.045,0
"390",20004,9.44,354,12.48,2.3,2.29,73.48,17.3,0.8,33,3.6,133,264,452,12,2.77,0.498,1.943,37.7,0,0.646,0.285,4.604,0.282,0.318,19,0,19,19,0,0,22,1,0,0,13,0,0,160,0.57,0,0,2.2,0.482,0.295,1.108,0
"391",20005,10.09,352,9.91,1.16,1.11,77.72,15.6,0.8,29,2.5,79,221,280,9,2.13,0.42,1.322,37.7,0,0.191,0.114,4.604,0.282,0.26,23,0,23,23,37.8,0,22,1,0,0,13,0,0,160,0.02,0,0,2.2,0.244,0.149,0.56,0
"392",20006,68.8,123,2.26,0.44,0.27,28.22,3.8,0.28,11,1.33,22,54,93,3,0.82,0.105,0.259,8.6,0,0.083,0.062,2.063,0.135,0.115,16,0,16,16,13.4,0,7,0,0,0,5,0,0,56,0.01,0,0,0.8,0.093,0.057,0.214,0
"393",20008,9.75,343,13.25,3.4,2.1,71.5,10,0,18,2.2,231,347,460,1,2.4,1.1,1.3,8.3,0,0.101,0.425,7.02,1.233,0.21,30,0,30,30,0,0,0,0,0,0,0,0,0,0,0,0,0,0,0.741,1.04,1.039,0
"394",20009,8.41,346,11.73,2.71,2.2,74.95,10.3,0,17,2.47,221,319,320,11,2.42,0.624,1.618,8.4,0,0.224,0.271,5.135,1.233,0.353,42,0,42,42,54.2,0,0,0,0,0,0,0,0,0,0,0,0,0,0.591,0.828,0.828,0
"395",20012,9,342,12.29,1.33,1.51,75.87,12.5,0.41,35,2.46,164,300,410,17,1.93,0.335,3.048,2.3,0,0.232,0.115,5.114,1.045,0.342,27,0,27,27,28.1,0,9,0,0,0,5,0,0,220,0.06,0,0,1.9,0.232,0.173,0.541,0
"396",20013,77.76,83,3.08,0.24,0.34,18.58,4.5,0.1,10,0.96,32,40,68,5,0.57,0.075,0.609,0.6,0,0.057,0.028,1,0.344,0.083,18,0,18,18,6.9,0,2,0,0,0,1,0,0,54,0.01,0,0,0.5,0.042,0.031,0.098,0
"397",20014,10.37,365,9.42,4.74,1.2,74.26,7.3,0.64,7,2.71,127,210,287,35,2.21,0.314,0.485,15.5,0,0.385,0.201,3.627,0.424,0.622,19,0,19,19,0,0,214,11,0,63,97,0,0,1355,0.49,0,0,0.3,0.667,1.251,2.163,0
"398",20015,4.71,224,8.36,0.92,0.36,85.64,79,0,42,2.79,64,72,44,7,1.56,0.248,0.14,16.5,0,0.01,0.1,2.735,0.636,0.152,4,0,4,4,18.1,0,71,4,0,21,32,0,0,1355,0.42,0,0,0.3,0.13,0.243,0.421,0
"399",20016,10.91,361,6.93,3.86,1.45,76.85,7.3,0.64,7,2.38,93,272,315,5,1.73,0.23,0.46,15.4,0,0.246,0.08,1.9,0.658,0.37,25,0,25,25,21.6,0,214,11,0,63,97,0,0,1355,0.42,0,0,0.3,0.543,1.018,1.759,0
"400",20017,9.79,363,8.46,3.69,1.48,76.59,6.4,1.61,138,8.5,93,231,262,5,1.8,0.209,0.376,10.5,0,1.475,0.805,9.932,0.192,0.475,209,180,29,335,8.6,0,5,0,0,0,2,2,0,6,0.12,0,0,0,0.532,0.997,1.724,0
"401",20018,9.81,375,5.59,1.39,0.46,82.75,1.9,0.64,2,0.91,18,60,90,1,0.37,0.142,0.056,8,0,0.074,0.058,2.656,0.052,0.097,48,0,48,48,0,0,214,11,0,63,97,0,0,1355,0.15,0,0,0.3,0.171,0.274,0.695,0
"402",20019,9.79,363,8.46,3.69,1.48,76.59,6.4,1.61,138,1.47,93,231,262,5,1.8,0.209,0.376,10.5,0,0.223,0.097,1.634,0.192,0.475,29,0,29,29,8.6,0,5,0,0,0,2,2,0,6,0.12,0,0,0,0.532,0.997,1.724,0
"403",20020,10.26,362,8.12,3.59,1.13,76.89,7.3,0.64,6,3.45,127,241,287,35,1.82,0.193,0.498,15.5,0,0.385,0.201,3.632,0.425,0.304,25,0,25,25,21.6,0,214,11,0,63,97,0,0,1355,0.42,0,0,0.3,0.505,0.948,1.638,0
"404",20022,11.18,370,7.11,1.75,0.51,79.45,3.9,1.61,3,4.36,32,99,142,7,0.66,0.076,0.174,10.5,0,0.551,0.382,4.968,0.24,0.182,209,180,30,335,8.6,0,214,11,0,63,97,0,0,1628,0.12,0,0,0,0.22,0.39,0.828,0
"405",20023,12.59,334,8.28,3.4,5.45,70.28,6.7,0,361,5.76,86,804,255,1247,2,0.15,0.498,0,0,0.661,0.4,5.291,0.425,0.54,233,176,57,356,0,0,469,23,0,0,0,0,0,0,0,0,0,0,0.478,0.897,1.55,0
"406",20025,10.17,355,8.41,1.72,4.91,74.79,7.1,0,350,4.73,49,623,170,1348,1,0.13,0.105,0,0,0.678,0.387,4.566,0.312,0.39,233,202,31,374,0,0,214,11,0,0,0,0,0,0,0,0,0,0,0.234,0.429,0.739,0
"407",20027,8.32,381,0.26,0.05,0.09,91.27,0.9,0,2,0.47,3,13,3,9,0.06,0.05,0.053,2.8,0,0,0,0,0,0,0,0,0,0,0.4,0,0,0,0,0,0,0,0,0,0,0,0,0,0.009,0.016,0.025,0
"408",20028,8.56,376,12.76,0.64,0.62,77.43,5,0,24,1.08,44,170,166,10,0.83,0.247,0.78,0,0,0.163,0.078,3.49,1.243,0.11,20,0,20,20,0,0,0,0,0,0,0,0,0,0,0,0,0,0,0.117,0.089,0.252,0
"409",20029,72.57,112,3.79,0.16,0.26,23.22,1.4,0.1,8,0.38,8,22,58,5,0.26,0.041,0.084,27.5,0,0.063,0.027,0.983,0.371,0.051,15,0,15,15,3.3,0,0,0,0,0,0,0,0,25,0.13,0,0,0.1,0.029,0.022,0.064,0
"410",20030,82.53,72,1.48,0.88,0.86,14.26,2.5,1.82,10,0.62,16,35,9,345,1.05,0.03,0.07,3,0,0.003,0.006,0.033,0.154,0.005,1,0,1,1,3.1,0,1,0,0,0,0,0,0,30,0.05,0,0,0.2,0.123,0.231,0.399,0
"411",20031,8.67,378,11.02,4.22,3.25,72.85,8.5,0,8,3.01,114,285,195,5,1.68,0.75,1.632,2.7,0,0.421,0.29,4.72,0.848,0.384,85,0,85,85,0,0,0,0,0,0,0,0,0,0,0.05,0,0,0.9,0.723,0.773,2.134,0
"412",20032,71.41,119,3.51,1,0.41,23.67,1.3,0.13,3,0.63,44,100,62,2,0.91,0.161,0.272,0.9,0,0.106,0.082,1.33,0.171,0.108,19,0,19,19,11.2,0,3,0,0,0,2,0,0,70,0.02,0,0,0.3,0.172,0.184,0.508,0
"413",20033,6.55,246,17.3,7.03,2.89,66.22,15.4,1.45,58,5.41,235,734,566,4,3.11,0.403,5.63,45.2,0,1.17,0.22,0.934,1.494,0.165,52,0,52,52,32.2,0,0,0,0,0,0,0,0,180,1.01,0,0,3.2,1.328,2.376,2.766,0
"414",20034,84,40,3.21,0.86,0.49,11.44,2.6,0,10,0.88,40,119,92,1,0.53,0.066,0.964,7.7,0,0.16,0.034,0.144,0.217,0.025,6,0,6,6,0,0,0,0,0,0,0,0,0,0,0,0,0,0,0.163,0.291,0.339,0
"415",20036,11.8,367,7.54,3.2,1.21,76.25,3.6,0.66,9,1.29,116,311,250,5,2.13,0.302,2.853,17.1,0,0.541,0.095,6.494,1.065,0.477,23,0,23,23,21.5,0,0,0,0,0,0,0,0,0,0.6,0,0,0.6,0.591,1.054,1,0
"416",20038,8.22,389,16.89,6.9,1.72,66.27,10.6,0,54,4.72,177,523,429,2,3.97,0.626,4.916,0,0,0.763,0.139,0.961,1.349,0.119,56,0,56,56,0,0,0,0,0,0,0,0,0,0,0,0,0,0,1.217,2.178,2.535,0
"417",20040,12.37,362,7.5,2.68,1.27,76.17,3.4,0,33,1.8,143,264,268,4,2.02,0.277,3.743,0,0,0.413,0.043,4.308,1.493,0.509,20,0,20,20,0,0,0,0,0,0,0,0,0,0,0,0,0,0,0.536,0.971,0.959,0
"418",20042,9.82,370,7.6,2.75,1.16,78.68,3.5,0.5,8,1.16,98,275,219,6,1.96,0.327,2.975,25.2,0,0.277,0.092,4.973,0.895,0.407,14,0,14,14,9.1,0,0,0,0,0,0,0,0,0,0.09,0,0,0.9,0.481,1.024,0.841,0
"419",20044,11.62,365,7.13,0.66,0.64,79.95,1.3,0.12,28,4.31,25,115,115,5,1.09,0.22,1.088,15.1,0,0.576,0.049,4.192,1.014,0.164,231,223,8,387,5.8,0,0,0,0,0,0,0,0,0,0.11,0,0,0.1,0.18,0.206,0.177,0
"420",20046,9.86,374,7.51,1.03,0.71,80.89,1.8,0.33,71,3.33,27,153,174,2,1.02,0.284,1.035,19.9,0,0.603,0.05,5.048,0.672,0.452,257,249,8,431,6,0,0,0,0,0,0,0,0,0,0.03,0,0,0.1,0.294,0.258,0.322,0
"421",20050,12.89,360,6.61,0.58,0.58,79.34,1.4,0,9,4.36,35,108,86,1,1.16,0.11,1.1,15.1,0,0.578,0.048,5.093,1.342,0.145,231,222,9,386,0,0,0,0,0,0,0,0,0,0,0.11,0,0,0,0.158,0.181,0.155,0
"422",20058,62.5,151,3.2,0.27,0.14,33.88,0.9,0,5,0.39,5,33,20,5,0.68,0.048,0.448,0,0,0.016,0.015,0.566,0,0.022,5,0,5,5,0,0,0,0,0,0,0,0,0,0,0,0,0,0,0,0,0,0
"423",20060,6.13,316,13.35,20.85,9.98,49.69,21,0.9,57,18.54,781,1677,1485,5,6.04,0.728,14.21,15.6,0,2.753,0.284,33.995,7.39,4.07,63,0,63,63,32.2,0,0,0,0,0,0,0,0,220,4.92,0,0,1.9,4.171,7.549,7.459,0
"424",20061,11.89,366,5.95,1.42,0.61,80.13,2.4,0.12,10,0.35,35,98,76,0,0.8,0.13,1.2,15.1,0,0.138,0.021,2.59,0.819,0.436,4,0,4,4,5.8,0,0,0,0,0,0,0,0,0,0.11,0,0,0,0.386,0.442,0.379,0
"425",20062,10.6,338,10.34,1.63,1.57,75.86,15.1,0.98,24,2.63,110,332,510,2,2.65,0.367,2.577,13.9,0,0.316,0.251,4.27,1.456,0.294,38,0,38,38,30.4,0,11,1,0,0,7,0,0,210,0.85,0,0,5.9,0.197,0.208,0.767,0
"426",20063,10.75,325,15.91,2.22,2.5,68.63,23.8,2.31,37,4.97,160,499,717,2,5.04,0.56,6.062,18,0,0.316,0.251,4.27,1.456,0.443,33,0,33,33,30.4,0,11,1,0,0,7,0,0,210,2.73,0,0,5.9,0.269,0.284,1.046,0
"427",20064,10.97,349,10.88,1.52,1.2,75.43,11.8,1.1,24,2.54,63,225,374,2,2.17,0.331,2.412,14.4,0,0.287,0.114,1.727,0.492,0.268,34,0,34,34,20.6,0,0,0,0,0,0,0,0,210,1.43,0,0,5.9,0.18,0.189,0.695,0
"428",20065,11.4,357,9.82,1.33,0.78,76.68,8,0.93,13,0.91,32,130,224,2,1.33,0.213,1.162,17.6,0,0.331,0.09,0.8,0.665,0.234,23,0,23,23,10.8,0,0,0,0,0,0,0,0,210,0.83,0,0,5.9,0.15,0.158,0.584,0
"429",20066,12.67,360,12.68,1.05,0.77,72.83,3.9,0,17,4.36,47,136,186,1,1.05,0.189,0.619,89.4,0,0.811,0.571,5.99,0.58,0.103,183,111,72,261,0,0,0,0,0,0,0,0,0,0,0.26,0,0,0,0.15,0.124,0.43,0
"430",20067,12.4,329,10.62,3.46,1.43,72.09,6.7,2.53,13,3.36,165,289,363,2,1.67,0.284,1.605,12.2,0,0.332,0.096,3.688,0.367,0.443,20,0,20,20,0,0,0,0,0,0,0,0,0,0,0.5,0,0,0,0.61,1.131,1.558,0
"431",20068,10.99,358,0.19,0.02,0.11,88.69,0.9,3.35,20,1.58,1,7,11,1,0.12,0.02,0.11,0.8,0,0.004,0,0,0.135,0.008,4,0,4,4,1.2,0,0,0,0,0,0,0,0,0,0,0,0,0,0.005,0.005,0.003,0
"432",20069,10.51,336,13.05,2.09,2.23,72.13,0,0,37,2.57,130,358,332,5,3.45,0.457,3.21,0,0,0.416,0.134,1.43,1.323,0.138,73,0,73,73,0,0,0,0,0,0,0,0,0,0,0.9,0,0,0,0.366,0.211,0.913,0
"433",20070,10.01,338,13.18,1.81,1.85,73.14,14.6,0,35,2.59,153,321,466,2,2.66,0.559,4.185,0,0,0.378,0.132,2.86,2.167,0.403,74,0,74,74,0,0,0,0,0,0,0,0,0,0,0.9,0,0,0,0.318,0.183,0.794,0
"434",20071,12.76,329,15.4,1.92,1.89,68.03,12.2,0.41,25,3.6,124,332,340,2,2.78,0.41,4.055,70.7,0,0.504,0.11,5.71,0.935,0.336,43,0,43,43,31.2,0,9,0,0,0,5,0,0,220,1.01,0,0,1.9,0.314,0.303,0.765,0
"435",20072,13.1,327,12.61,1.54,1.57,71.18,12.2,0.41,29,3.19,126,288,363,2,2.65,0.434,3.985,70.7,0,0.383,0.115,5.464,0.954,0.3,38,0,38,38,31.2,0,9,0,0,0,5,0,0,220,1.01,0,0,1.9,0.269,0.2,0.627,0
"436",20073,12.17,331,10.35,1.56,1.68,74.24,12.5,0.41,27,3.21,126,493,397,2,2.63,0.45,4.391,0,0,0.394,0.096,4.8,0.85,0.272,41,0,41,41,0,0,0,0,0,0,0,0,0,0,1.01,0,0,0,0.289,0.178,0.656,0
"437",20074,9.57,342,11.31,1.71,1.52,75.9,12.2,0.41,32,4.56,93,355,432,2,3.33,0.363,3.821,0,0,0.387,0.108,4.381,0.954,0.368,38,0,38,38,0,0,9,0,0,0,5,0,0,220,1.01,0,0,1.9,0.277,0.203,0.75,0
"438",20075,10.42,340,10.69,1.99,1.54,75.36,12.7,0.41,34,5.37,90,402,435,2,3.46,0.426,3.406,0,0,0.41,0.107,4.766,0.85,0.378,41,0,41,41,0,0,9,0,0,0,5,0,0,220,1.01,0,0,1.9,0.368,0.227,0.837,0
"439",20076,10.94,339,13.68,2.47,1.78,71.13,0,0,34,3.52,144,508,431,2,4.16,0.553,3.012,89.4,0,0.419,0.121,6.738,0.935,0.419,43,0,43,43,0,0,0,0,0,0,0,0,0,0,0,0,0,0,0.454,0.344,0.978,0
"440",20077,9.89,216,15.55,4.25,5.79,64.51,42.8,0.41,73,10.57,611,1013,1182,2,7.27,0.998,11.5,77.6,0,0.523,0.577,13.578,2.181,1.303,79,0,79,79,74.4,0,9,0,0,0,6,0,0,240,1.49,0,0,1.9,0.63,0.637,2.212,0
"441",20078,11.12,360,23.15,9.72,4.21,51.8,13.2,0,39,6.26,239,842,892,12,12.29,0.796,13.301,79.2,0,1.882,0.499,6.813,2.257,1.3,281,0,281,281,0,0,0,0,0,0,0,0,0,0,0,0,0,0,1.665,1.365,6.01,0
"442",20080,10.74,340,13.21,2.5,1.58,71.97,10.7,0.41,34,3.6,137,357,363,2,2.6,0.41,4.067,61.8,0,0.502,0.165,4.957,0.603,0.407,44,0,44,44,31.2,0,9,0,0,0,5,0,0,220,0.71,0,0,1.9,0.43,0.283,1.167,0
"443",20087,47.75,198,7.49,1.27,0.96,42.53,1.1,0,28,2.14,82,200,169,16,1.65,0.261,1.858,42.5,2.6,0.225,0.155,3.087,0.947,0.265,38,0,38,38,0,0,0,0,0,0,0,0,0,0,0,0,0,0,0.206,0.151,0.557,0
"444",20088,7.76,357,14.73,1.08,1.53,74.9,6.2,2.5,21,1.96,177,433,427,7,5.96,0.524,1.329,2.8,0,0.115,0.262,6.733,1.074,0.391,95,0,95,95,35,0,19,1,0,0,11,0,0,220,0.82,0,0,1.9,0.156,0.159,0.676,0
"445",20089,73.93,101,3.99,0.34,0.4,21.34,1.8,0.73,3,0.6,32,82,101,3,1.34,0.121,0.282,0.8,0,0.052,0.087,1.287,0.154,0.135,26,0,26,26,10.2,0,3,0,0,0,2,0,0,64,0.24,0,0,0.5,0.049,0.05,0.213,0
"446",20090,11.97,363,7.23,2.78,1.54,76.48,4.6,0.66,11,1.98,112,337,289,8,2.45,0.23,4.013,0,0,0.443,0.08,6.34,1.591,0.736,16,0,16,16,0,0,0,0,0,0,0,0,0,0,0.6,0,0,0,0.557,1.008,0.996,0
"447",20105,9.89,367,13.14,1.04,1.05,74.88,4.3,0,34,4.28,46,116,285,43,0.76,0.2,3.846,0,0,1.032,0.525,7.328,0.752,0.129,278,261,17,460,0,0,160,8,0,0,0,0,0,0,0,0,0,0,0.15,0.12,0.426,0
"448",20126,8.34,372,13.35,1.57,1.93,74.81,10.6,2.72,58,2.13,174,332,376,36,2.76,0.499,2.645,63.5,0,0.373,0.196,4.55,1.214,0.323,48,0,48,48,17.1,0,461,23,0,0,277,0,0,3487,0.74,0,0,151.5,0.226,0.181,0.641,0
"449",20127,68.14,130,4.58,0.63,0.5,26.15,0,0,30,1.04,62,108,58,14,1.08,0.205,1.504,22.1,0,0.097,0.103,1.53,0.183,0.096,12,0,12,12,0,0,152,8,0,0,0,0,0,0,0,0,0,0,0.091,0.072,0.257,0
"450",20129,13.36,361,11.98,1.66,0.47,72.53,2.4,0.31,15,0.9,25,97,100,2,0.85,0.182,0.792,39.7,0,0.08,0.06,1,0.438,0.037,33,0,33,33,10.4,0,2,0,0,0,1,0,0,79,0.4,0,0,0.3,0.244,0.14,0.727,0
"451",20130,12.11,345,10.5,1.6,1.28,74.52,10.1,0.8,32,2.68,96,296,309,4,2,0.343,1.034,37.7,0,0.37,0.114,6.269,0.145,0.396,8,0,8,8,37.8,0,0,0,0,0,0,0,0,160,0.57,0,0,2.2,0.335,0.205,0.771,0
"452",20131,8.21,361,10.28,1.84,1.37,78.3,7.1,0.8,37,4.71,97,303,224,11,2.06,0.27,1.193,37.7,0.6,0.309,0.308,5.636,0.577,0.655,38,0,38,38,0,0,19,1,0,0,11,0,0,160,0.57,0,0,2.2,0.386,0.254,0.953,0
"453",20132,8.55,404,14.66,9.12,1.97,65.7,6.5,0.8,55,4,144,452,371,19,3.2,0.437,4.019,34,0,0.692,0.125,1.474,0.201,0.125,32,0,32,32,29.9,0,0,0,0,0,0,0,0,180,0.7,0,0,3.2,1.607,2.866,3.329,0
"454",20314,10.37,365,9.42,4.74,1.2,74.26,0,0,7,2.71,127,210,287,35,2.21,0.314,0.485,15.5,0,0.385,0.201,3.627,0.424,0.622,0,0,0,0,0,0,0,0,0,0,0,0,0,0,0,0,0,0,0.667,1.251,2.163,0
"455",20315,10.83,364,8.75,5.09,1.44,73.89,8.4,0,5,1.74,110,263,381,5,2.24,0.154,0.54,2.2,0,0.16,0.23,2.6,0.55,0.47,0,0,0,0,0,0,0,0,0,0,0,0,0,0,0,0,0,0,0,0,0,0
"456",20316,10.91,361,6.93,3.86,1.45,76.85,7.3,0.64,7,2.38,93,272,315,5,1.73,0.23,0.46,15.4,0,0.246,0.08,1.9,0.658,0.37,25,0,25,25,21.6,0,3,0,0,0,1,1,0,5,0.42,0,0,0.3,0.543,1.018,1.759,0
"457",20317,9.79,363,8.46,3.69,1.48,76.59,6.4,0,138,8.5,93,231,262,5,1.8,0.209,0.376,10.5,0,1.475,0.805,9.932,0.192,0.475,209,180,29,335,0,0,214,11,0,63,97,0,0,6,0,0,0,0,0.532,0.997,1.724,0
"458",20320,10.26,362,8.12,3.59,1.13,76.89,7.3,0.64,6,3.45,127,241,287,35,1.82,0.193,0.498,15.5,0,0.385,0.201,3.632,0.425,0.304,25,0,25,25,21.6,0,3,0,0,0,1,1,0,5,0.42,0,0,0.3,0.505,0.948,1.638,0
"459",20322,11.18,370,7.11,1.75,0.51,79.45,3.9,1.61,3,4.36,32,99,142,7,0.66,0.076,0.174,10.5,0,0.551,0.382,4.968,0.24,0.182,209,180,30,335,8.6,0,3,0,0,0,1,1,0,5,0.12,0,0,0,0.22,0.39,0.828,0
"460",20323,12.59,334,8.28,3.4,5.45,70.28,6.7,0,361,5.76,86,804,255,1247,2,0.15,0,0,0,0.661,0.4,5.291,0.425,0.54,233,176,57,356,0,0,0,0,0,0,0,0,0,0,0,0,0,0,0.478,0.897,1.55,0
"461",20325,10.17,355,8.41,1.72,4.91,74.79,7.1,0,350,4.73,49,623,170,1348,1,0.13,0,0,0,0.678,0.387,4.566,0,0.39,233,202,31,375,0,0,0,0,0,0,0,0,0,0,0,0,0,0,0.234,0.429,0.739,0
"462",20330,82.53,72,1.48,0.88,0.86,14.26,2.5,0,10,0.62,16,35,9,345,1.05,0.03,0.07,3,0,0.003,0.006,0.033,0.154,0.005,1,0,1,1,0,0,110,0,0,0,0,0,0,0,0,0,0,0,0.123,0.231,0.399,0
"463",20422,11.18,370,7.11,1.75,0.51,79.45,3.9,1.61,3,1.1,32,99,142,7,0.66,0.076,0.174,10.5,0,0.14,0.05,1,0.24,0.182,30,0,30,30,8.6,0,214,11,0,63,97,0,0,1628,0.12,0,0,0,0.22,0.39,0.828,0
"464",20444,11.62,365,7.13,0.66,0.64,79.95,1.3,0.12,28,0.8,25,115,115,5,1.09,0.22,1.088,15.1,0,0.07,0.049,1.6,1.014,0.164,8,0,8,8,5.8,0,0,0,0,0,0,0,0,0,0.11,0,0,0.1,0.18,0.206,0.177,0
"465",20446,9.86,374,7.51,1.03,0.71,80.89,1.8,0.33,71,0.74,27,153,174,2,1.02,0.284,1.035,19.9,0,0.224,0.05,5.048,0.672,0.452,8,0,8,8,0,0,0,0,0,0,0,0,0,0,0.03,0,0,0.1,0.294,0.258,0.322,0
"466",20450,12.89,360,6.61,0.58,0.58,79.34,0,0,9,0.8,35,108,86,1,1.16,0.11,1.1,0,0,0.07,0.048,1.6,1.342,0.145,9,0,9,9,0,0,0,0,0,0,0,0,0,0,0,0,0,0,0.158,0.181,0.155,0
"467",20452,13.29,358,6.5,0.52,0.54,79.15,0,0,3,0.8,23,95,76,1,1.1,0.21,1.037,0,0,0.07,0.048,1.6,1.287,0.171,6,0,6,6,0,0,0,0,0,0,0,0,0,0,0,0,0,0,0.14,0.161,0.138,0
"468",20466,12.67,360,12.68,1.05,0.77,72.83,3.9,0,17,1.23,47,136,186,1,1.05,0.189,0.619,0,0,0.28,0.08,3.31,0.58,0.103,72,0,72,72,0,0,0,0,0,0,0,0,0,0,0,0,0,0,0.15,0.124,0.43,0
"469",20522,11.18,370,7.11,1.75,0.51,79.45,3.9,1.61,3,1.1,32,99,142,7,0.66,0.076,0.174,10.5,0,0.14,0.05,1,0.24,0.182,30,0,30,30,8.6,0,3,0,0,0,1,1,0,5,0.12,0,0,0,0.22,0.39,0.828,0
"470",20622,9.23,374,21.78,2.23,1.12,65.65,2.4,0,39,4.15,65,163,201,8,1.79,0.278,0.91,0,0,1.187,0.475,7.654,0.684,0.178,278,258,20,458,0,0,0,0,0,0,0,0,0,0,0,0,0,0,0.328,0.271,0.986,0
"471",20647,8.67,382,10.75,4.25,1.21,75.12,3.5,1.66,14,3.94,119,285,224,4,2.63,0.535,1.002,32.7,0,0.413,0.073,6.02,1.267,0.372,42,0,42,42,0,0,0,0,0,0,0,0,0,0,0.11,0,0,0.8,0.536,0.924,2.618,0
"472",20648,10.26,359,8.43,3.34,1.32,76.64,6.6,1.94,12,3.14,123,278,324,3,1.63,0.253,1.258,12.2,0.8,0.329,0.061,4.496,0.539,0.325,25,0,25,25,0,0,0,0,0,0,0,0,0,0,0.5,0,0,6.4,0.528,0.943,1.403,0
"473",20650,11.92,357,9.53,1.24,0.47,76.85,1.9,0,6,0.97,31,87,145,1,0.47,0.009,0.43,0,0.6,0.09,0.005,1.329,0.184,0.068,0,0,0,0,0,0,0,0,0,0,0,0,0,0,0,0,0,0,0.303,0.385,0.475,0
"474",48052,8.2,370,75.16,1.85,1,13.79,0.6,0,142,5.2,25,260,100,29,0.85,0.182,0,39.7,0,0,0,0,0,0,0,0,0,0,0,0,0,0,0,0,0,0,0,0,0,0,0,0,0.272,0.156,0.81,0
